cod_ibge,state,population
1100015,RO,25437
1100023,RO,107345
1100031,RO,6224
1100049,RO,88507
1100056,RO,17934
1100064,RO,18467
1100072,RO,8659
1100080,RO,17400
1100098,RO,33030
1100106,RO,47451
1100114,RO,55871
1100122,RO,132667
1100130,RO,38609
1100148,RO,21747
1100155,RO,39759
1100189,RO,38051
1100205,RO,519436
1100254,RO,22124
1100262,RO,3829
1100288,RO,57074
1100296,RO,8198
1100304,RO,95630
1100320,RO,24181
1100338,RO,28891
1100346,RO,16747
1100379,RO,14045
1100403,RO,20916
1100452,RO,39044
1100502,RO,10051
1100601,RO,6460
1100700,RO,14484
1100809,RO,25266
1100908,RO,3550
1100924,RO,10593
1100940,RO,22443
1101005,RO,9745
1101104,RO,10310
1101203,RO,10751
1101302,RO,12258
1101401,RO,16186
1101435,RO,7769
1101450,RO,5904
1101468,RO,2410
1101476,RO,3411
1101484,RO,5994
1101492,RO,19694
1101500,RO,12653
1101559,RO,4931
1101609,RO,11350
1101708,RO,13106
1101757,RO,11149
1101807,RO,8047
1200013,AC,14366
1200054,AC,6986
1200104,AC,24765
1200138,AC,9664
1200179,AC,11136
1200203,AC,82622
1200252,AC,17340
1200302,AC,32360
1200328,AC,7858
1200336,AC,17910
1200344,AC,8886
1200351,AC,17897
1200385,AC,18510
1200393,AC,11353
1200401,AC,383443
1200427,AC,17945
1200435,AC,6230
1200450,AC,21552
1200500,AC,43139
1200609,AC,40024
1200708,AC,18174
1200807,AC,17459
1300029,AM,15908
1300060,AM,11242
1300086,AM,12978
1300102,AM,20196
1300144,AM,21406
1300201,AM,19054
1300300,AM,38454
1300409,AM,27743
1300508,AM,31542
1300607,AM,41329
1300631,AM,18978
1300680,AM,18483
1300706,AM,34176
1300805,AM,40464
1300839,AM,12820
1300904,AM,15490
1301001,AM,28337
1301100,AM,37399
1301159,AM,29190
1301209,AM,84762
1301308,AM,27817
1301407,AM,34888
1301506,AM,19492
1301605,AM,19669
1301654,AM,16339
1301704,AM,53383
1301803,AM,28299
1301852,AM,47407
1301902,AM,99854
1301951,AM,8128
1302009,AM,9125
1302108,AM,4205
1302207,AM,13956
1302306,AM,15824
1302405,AM,44861
1302504,AM,96460
1302553,AM,30222
1302603,AM,2130264
1302702,AM,54708
1302801,AM,18531
1302900,AM,62212
1303007,AM,20902
1303106,AM,36431
1303205,AM,18586
1303304,AM,25112
1303403,AM,113832
1303502,AM,19597
1303536,AM,34574
1303569,AM,32001
1303601,AM,23765
1303700,AM,23075
1303809,AM,44553
1303908,AM,38047
1303957,AM,13421
1304005,AM,9211
1304062,AM,63635
1304104,AM,17930
1304203,AM,62021
1304237,AM,18782
1304260,AM,13428
1304302,AM,16968
1304401,AM,22148
1400027,RR,11560
1400050,RR,15933
1400100,RR,332020
1400159,RR,11945
1400175,RR,16877
1400209,RR,20807
1400233,RR,9493
1400282,RR,10859
1400308,RR,16852
1400407,RR,10527
1400456,RR,12375
1400472,RR,28215
1400506,RR,7740
1400605,RR,7597
1400704,RR,9836
1500107,PA,153380
1500131,PA,7231
1500206,PA,54096
1500305,PA,38144
1500347,PA,26682
1500404,PA,55246
1500503,PA,33195
1500602,PA,111435
1500701,PA,28466
1500800,PA,516057
1500859,PA,27096
1500909,PA,44734
1500958,PA,30471
1501006,PA,15947
1501105,PA,29808
1501204,PA,46110
1501253,PA,3200
1501303,PA,121190
1501402,PA,1452275
1501451,PA,17249
1501501,PA,60990
1501576,PA,16517
1501600,PA,15834
1501709,PA,124184
1501725,PA,14689
1501758,PA,7182
1501782,PA,64194
1501808,PA,99896
1501907,PA,28331
1501956,PA,32947
1502004,PA,23110
1502103,PA,134100
1502152,PA,36027
1502202,PA,67150
1502301,PA,52839
1502400,PA,195253
1502509,PA,23066
1502608,PA,11759
1502707,PA,46571
1502756,PA,32395
1502764,PA,13093
1502772,PA,17453
1502806,PA,33490
1502855,PA,13996
1502905,PA,38959
1502939,PA,58071
1502954,PA,32892
1503002,PA,7009
1503044,PA,19746
1503077,PA,25363
1503093,PA,39352
1503101,PA,32458
1503200,PA,37753
1503309,PA,60994
1503408,PA,11388
1503457,PA,62237
1503507,PA,31673
1503606,PA,98523
1503705,PA,51835
1503754,PA,8059
1503804,PA,57526
1503903,PA,56325
1504000,PA,28138
1504059,PA,29260
1504109,PA,8316
1504208,PA,271594
1504307,PA,28679
1504406,PA,27569
1504422,PA,127858
1504455,PA,30726
1504505,PA,26897
1504604,PA,30277
1504703,PA,79825
1504752,PA,15646
1504802,PA,56466
1504901,PA,39231
1504950,PA,20789
1504976,PA,16221
1505007,PA,14942
1505031,PA,25071
1505064,PA,73802
1505106,PA,50727
1505205,PA,31619
1505304,PA,71078
1505403,PA,17356
1505437,PA,31921
1505486,PA,46383
1505494,PA,7386
1505502,PA,110026
1505536,PA,202356
1505551,PA,5341
1505601,PA,7860
1505635,PA,12632
1505650,PA,30109
1505700,PA,30219
1505809,PA,60322
1505908,PA,39991
1506005,PA,29067
1506104,PA,10534
1506112,PA,13237
1506138,PA,82464
1506161,PA,17705
1506187,PA,50925
1506195,PA,49093
1506203,PA,39569
1506302,PA,23096
1506351,PA,20492
1506401,PA,9845
1506500,PA,68836
1506559,PA,19316
1506583,PA,20849
1506609,PA,24186
1506708,PA,70764
1506807,PA,296302
1506906,PA,6526
1507003,PA,30611
1507102,PA,17563
1507151,PA,24859
1507201,PA,31123
1507300,PA,124806
1507409,PA,15454
1507458,PA,24188
1507466,PA,5970
1507474,PA,22415
1507508,PA,13616
1507607,PA,57364
1507706,PA,25904
1507755,PA,5766
1507805,PA,11357
1507904,PA,24682
1507953,PA,103321
1507961,PA,11399
1507979,PA,18257
1508001,PA,61709
1508035,PA,30108
1508050,PA,18469
1508084,PA,38508
1508100,PA,110516
1508126,PA,57525
1508159,PA,44258
1508209,PA,52216
1508308,PA,59735
1508357,PA,14719
1508407,PA,43530
1600055,AP,5111
1600105,AP,8757
1600154,AP,15125
1600204,AP,10525
1600212,AP,5637
1600238,AP,7270
1600253,AP,5172
1600279,AP,47554
1600303,AP,474706
1600402,AP,20387
1600501,AP,25514
1600535,AP,20611
1600550,AP,4779
1600600,AP,115471
1600709,AP,16112
1600808,AP,14991
1700251,TO,2571
1700301,TO,6460
1700350,TO,5527
1700400,TO,7273
1700707,TO,8516
1701002,TO,9749
1701051,TO,3423
1701101,TO,4726
1701309,TO,5865
1701903,TO,7003
1702000,TO,8692
1702109,TO,175960
1702158,TO,5645
1702208,TO,35216
1702307,TO,6756
1702406,TO,10727
1702554,TO,18089
1702703,TO,3735
1702901,TO,9776
1703008,TO,10752
1703057,TO,3500
1703073,TO,4544
1703107,TO,5643
1703206,TO,4518
1703305,TO,4700
1703602,TO,2199
1703701,TO,5499
1703800,TO,11135
1703826,TO,2276
1703842,TO,9795
1703867,TO,4296
1703883,TO,2555
1703891,TO,4055
1703909,TO,5265
1704105,TO,2866
1704600,TO,1407
1705102,TO,3364
1705508,TO,34839
1705557,TO,4874
1705607,TO,4179
1706001,TO,5529
1706100,TO,7374
1706258,TO,1708
1706506,TO,5988
1707009,TO,21738
1707108,TO,6868
1707207,TO,7286
1707306,TO,4727
1707405,TO,10793
1707553,TO,3879
1707652,TO,5352
1707702,TO,8893
1708205,TO,18684
1708254,TO,2584
1708304,TO,5153
1709005,TO,12973
1709302,TO,25642
1709500,TO,85523
1709807,TO,1955
1710508,TO,7456
1710706,TO,5980
1710904,TO,3772
1711100,TO,2465
1711506,TO,3821
1711803,TO,2229
1711902,TO,12808
1711951,TO,4191
1712009,TO,3092
1712157,TO,1875
1712405,TO,3787
1712454,TO,3038
1712504,TO,5054
1712702,TO,2614
1712801,TO,3409
1713205,TO,19055
1713304,TO,13426
1713601,TO,7770
1713700,TO,2264
1713809,TO,6535
1713957,TO,3507
1714203,TO,9312
1714302,TO,4060
1714880,TO,11715
1715002,TO,4203
1715101,TO,4267
1715150,TO,2353
1715259,TO,2697
1715507,TO,1110
1715705,TO,5859
1715754,TO,7687
1716109,TO,50360
1716208,TO,10562
1716307,TO,4853
1716505,TO,13288
1716604,TO,11591
1716653,TO,5453
1716703,TO,8409
1717008,TO,4520
1717206,TO,3044
1717503,TO,7536
1717800,TO,4645
1717909,TO,7949
1718006,TO,3102
1718204,TO,52828
1718303,TO,8365
1718402,TO,3733
1718451,TO,2650
1718501,TO,4230
1718550,TO,4601
1718659,TO,2061
1718709,TO,2810
1718758,TO,6512
1718808,TO,4579
1718840,TO,3410
1718865,TO,7402
1718881,TO,3356
1718899,TO,2343
1718907,TO,4833
1719004,TO,2825
1720002,TO,2550
1720101,TO,5231
1720150,TO,1571
1720200,TO,11906
1720259,TO,3084
1720309,TO,4749
1720499,TO,4111
1720655,TO,5399
1720804,TO,9192
1720853,TO,1941
1720903,TO,16530
1720937,TO,2130
1720978,TO,2777
1721000,TO,286787
1721109,TO,7460
1721208,TO,23119
1721257,TO,1843
1721307,TO,2574
1722081,TO,11677
1722107,TO,11683
2100055,MA,111339
2100105,MA,6486
2100154,MA,12457
2100204,MA,21673
2100303,MA,26387
2100402,MA,8070
2100436,MA,26872
2100477,MA,31312
2100501,MA,11001
2100550,MA,6895
2100600,MA,41106
2100709,MA,27352
2100808,MA,15696
2100832,MA,18374
2100873,MA,15332
2100907,MA,46074
2100956,MA,32145
2101004,MA,29388
2101103,MA,11975
2101202,MA,103359
2101251,MA,17053
2101301,MA,17435
2101350,MA,5574
2101400,MA,94779
2101509,MA,18619
2101608,MA,87135
2101707,MA,62458
2101731,MA,7422
2101772,MA,11103
2101806,MA,5528
2101905,MA,20881
2101939,MA,5973
2101970,MA,9320
2102002,MA,41120
2102036,MA,34278
2102077,MA,16214
2102101,MA,36102
2102150,MA,8696
2102200,MA,28306
2102309,MA,23495
2102325,MA,71979
2102358,MA,15180
2102374,MA,8930
2102408,MA,11019
2102507,MA,19110
2102556,MA,14219
2102606,MA,19943
2102705,MA,21759
2102754,MA,10713
2102804,MA,23803
2102903,MA,23576
2103000,MA,162657
2103109,MA,10490
2103125,MA,8615
2103158,MA,13555
2103174,MA,21565
2103208,MA,78965
2103257,MA,14539
2103307,MA,120810
2103406,MA,48756
2103505,MA,40575
2103554,MA,16192
2103604,MA,64403
2103703,MA,30706
2103752,MA,12659
2103802,MA,22912
2103901,MA,11208
2104008,MA,16653
2104057,MA,42110
2104073,MA,8372
2104081,MA,10326
2104099,MA,18997
2104107,MA,12403
2104206,MA,15262
2104305,MA,11830
2104404,MA,17586
2104503,MA,10700
2104552,MA,18316
2104602,MA,16582
2104628,MA,7708
2104651,MA,9921
2104677,MA,24991
2104701,MA,6134
2104800,MA,69232
2104909,MA,11728
2105005,MA,28509
2105104,MA,26835
2105153,MA,14147
2105203,MA,11206
2105302,MA,254569
2105351,MA,16009
2105401,MA,67726
2105427,MA,25589
2105450,MA,10221
2105476,MA,16321
2105500,MA,23042
2105609,MA,15891
2105658,MA,3237
2105708,MA,49856
2105807,MA,10672
2105906,MA,16025
2105922,MA,11048
2105948,MA,8664
2105963,MA,11286
2105989,MA,7489
2106003,MA,11695
2106102,MA,12009
2106201,MA,6867
2106300,MA,19779
2106326,MA,21293
2106359,MA,7604
2106375,MA,16366
2106409,MA,16745
2106508,MA,23091
2106607,MA,33374
2106631,MA,16908
2106672,MA,8326
2106706,MA,20613
2106755,MA,28456
2106805,MA,14744
2106904,MA,33156
2107001,MA,8889
2107100,MA,19282
2107209,MA,14489
2107258,MA,5350
2107308,MA,4586
2107357,MA,20768
2107407,MA,19206
2107456,MA,14637
2107506,MA,122420
2107605,MA,19424
2107704,MA,21116
2107803,MA,34375
2107902,MA,18839
2108009,MA,19271
2108058,MA,15937
2108108,MA,20657
2108207,MA,38365
2108256,MA,25000
2108306,MA,38144
2108405,MA,14074
2108454,MA,23019
2108504,MA,32488
2108603,MA,82374
2108702,MA,20861
2108801,MA,18413
2108900,MA,17023
2109007,MA,23760
2109056,MA,5819
2109106,MA,47239
2109205,MA,12656
2109239,MA,6968
2109270,MA,18797
2109304,MA,11474
2109403,MA,15207
2109452,MA,30863
2109502,MA,19701
2109551,MA,7691
2109601,MA,42314
2109700,MA,5568
2109759,MA,7708
2109809,MA,41891
2109908,MA,88013
2110005,MA,71576
2110039,MA,24946
2110104,MA,25334
2110203,MA,37090
2110237,MA,13395
2110278,MA,15853
2110302,MA,14222
2110401,MA,18377
2110500,MA,46039
2110609,MA,28208
2110658,MA,7291
2110708,MA,33691
2110807,MA,4453
2110856,MA,11808
2110906,MA,11976
2111003,MA,20307
2111029,MA,15450
2111052,MA,10977
2111078,MA,18345
2111102,MA,25520
2111201,MA,176418
2111250,MA,7484
2111300,MA,1091868
2111409,MA,18247
2111508,MA,40992
2111532,MA,12511
2111573,MA,4601
2111607,MA,18680
2111631,MA,4946
2111672,MA,6704
2111706,MA,20913
2111722,MA,13949
2111748,MA,11042
2111763,MA,13877
2111789,MA,11040
2111805,MA,17851
2111904,MA,10416
2111953,MA,5571
2112001,MA,8455
2112100,MA,28635
2112209,MA,167619
2112233,MA,21749
2112274,MA,5746
2112308,MA,41342
2112407,MA,35063
2112456,MA,25533
2112506,MA,58605
2112605,MA,33038
2112704,MA,56511
2112803,MA,51738
2112852,MA,13480
2112902,MA,32267
2113009,MA,30879
2114007,MA,51084
2200053,PI,6966
2200103,PI,5062
2200202,PI,17119
2200251,PI,7526
2200277,PI,4838
2200301,PI,14070
2200400,PI,39864
2200459,PI,5326
2200509,PI,17322
2200608,PI,6684
2200707,PI,9705
2200806,PI,3114
2200905,PI,5748
2200954,PI,2511
2201002,PI,4656
2201051,PI,7717
2201101,PI,11503
2201150,PI,11375
2201176,PI,3889
2201200,PI,46291
2201309,PI,3294
2201408,PI,6925
2201507,PI,26421
2201556,PI,3947
2201572,PI,3503
2201606,PI,10037
2201705,PI,5413
2201739,PI,6106
2201770,PI,6663
2201804,PI,4428
2201903,PI,24711
2201919,PI,5535
2201929,PI,5577
2201945,PI,6300
2201960,PI,8192
2201988,PI,3823
2202000,PI,19464
2202026,PI,8108
2202059,PI,10406
2202075,PI,3497
2202083,PI,7510
2202091,PI,5684
2202109,PI,5522
2202117,PI,4957
2202133,PI,5842
2202174,PI,7154
2202208,PI,46082
2202251,PI,3892
2202307,PI,20831
2202406,PI,11229
2202455,PI,4033
2202505,PI,10729
2202539,PI,5769
2202554,PI,4982
2202604,PI,19410
2202653,PI,5330
2202703,PI,27338
2202711,PI,4812
2202729,PI,6054
2202737,PI,3953
2202752,PI,6372
2202778,PI,7536
2202802,PI,4726
2202851,PI,4608
2202901,PI,26205
2203008,PI,8154
2203107,PI,10253
2203206,PI,11190
2203230,PI,4871
2203255,PI,4367
2203271,PI,5251
2203305,PI,13595
2203354,PI,6896
2203404,PI,6790
2203420,PI,4287
2203453,PI,9404
2203503,PI,14383
2203602,PI,4834
2203701,PI,39078
2203750,PI,5220
2203800,PI,4393
2203859,PI,2518
2203909,PI,58969
2204006,PI,5264
2204105,PI,4288
2204154,PI,3128
2204204,PI,9154
2204303,PI,11432
2204352,PI,5352
2204402,PI,10522
2204501,PI,10335
2204550,PI,4489
2204600,PI,3816
2204659,PI,9268
2204709,PI,15065
2204808,PI,9649
2204907,PI,8428
2205003,PI,11343
2205102,PI,10845
2205151,PI,5656
2205201,PI,18782
2205250,PI,4430
2205276,PI,4786
2205300,PI,4384
2205359,PI,2961
2205409,PI,14123
2205458,PI,5350
2205508,PI,38550
2205516,PI,5391
2205524,PI,5534
2205532,PI,4683
2205540,PI,2796
2205557,PI,8395
2205565,PI,4582
2205573,PI,6646
2205581,PI,3996
2205599,PI,5087
2205607,PI,5217
2205706,PI,29792
2205805,PI,25082
2205854,PI,8170
2205904,PI,5266
2205953,PI,8342
2206001,PI,4478
2206050,PI,6338
2206100,PI,10759
2206209,PI,33209
2206308,PI,1228
2206357,PI,6511
2206407,PI,10409
2206506,PI,7621
2206605,PI,10448
2206654,PI,4066
2206670,PI,6684
2206696,PI,8997
2206704,PI,7231
2206720,PI,8425
2206753,PI,4786
2206803,PI,8547
2206902,PI,6466
2206951,PI,2940
2207009,PI,36432
2207108,PI,2417
2207207,PI,6758
2207306,PI,4065
2207355,PI,3333
2207405,PI,4967
2207504,PI,14295
2207553,PI,3886
2207603,PI,10613
2207702,PI,150547
2207751,PI,4500
2207777,PI,6288
2207793,PI,3975
2207801,PI,20192
2207850,PI,3623
2207900,PI,38127
2207934,PI,2495
2207959,PI,4302
2208007,PI,76928
2208106,PI,11935
2208205,PI,18125
2208304,PI,28312
2208403,PI,62733
2208502,PI,12358
2208551,PI,2664
2208601,PI,3103
2208650,PI,8842
2208700,PI,8634
2208809,PI,17698
2208858,PI,4246
2208874,PI,4403
2208908,PI,7214
2209005,PI,6331
2209104,PI,6140
2209153,PI,3952
2209203,PI,6156
2209302,PI,5761
2209351,PI,4559
2209377,PI,5175
2209401,PI,6305
2209450,PI,2125
2209500,PI,3731
2209559,PI,4377
2209609,PI,2901
2209658,PI,5657
2209708,PI,6324
2209757,PI,2988
2209807,PI,4931
2209856,PI,4534
2209872,PI,5938
2209906,PI,6050
2209955,PI,4762
2209971,PI,7847
2210003,PI,20258
2210052,PI,5260
2210102,PI,3689
2210201,PI,6602
2210300,PI,6261
2210359,PI,4501
2210375,PI,2602
2210383,PI,2413
2210391,PI,2991
2210409,PI,17395
2210508,PI,14056
2210607,PI,34109
2210623,PI,3421
2210631,PI,4224
2210656,PI,9880
2210706,PI,14398
2210805,PI,12488
2210904,PI,4500
2210938,PI,6612
2210953,PI,2870
2210979,PI,2719
2211001,PI,850198
2211100,PI,43761
2211209,PI,21188
2211308,PI,20588
2211357,PI,4873
2211407,PI,4325
2211506,PI,3029
2211605,PI,2931
2211704,PI,4390
2300101,CE,11605
2300150,CE,16543
2300200,CE,62199
2300309,CE,53572
2300408,CE,17194
2300507,CE,11459
2300606,CE,7479
2300705,CE,16976
2300754,CE,42901
2300804,CE,7278
2300903,CE,14719
2301000,CE,79128
2301109,CE,73629
2301208,CE,26269
2301257,CE,10823
2301307,CE,21398
2301406,CE,11244
2301505,CE,7777
2301604,CE,23254
2301703,CE,24496
2301802,CE,6228
2301851,CE,18027
2301901,CE,59811
2301950,CE,20978
2302008,CE,22440
2302057,CE,14880
2302107,CE,35351
2302206,CE,53110
2302305,CE,32378
2302404,CE,54049
2302503,CE,48830
2302602,CE,62985
2302701,CE,27209
2302800,CE,77514
2302909,CE,17668
2303006,CE,22320
2303105,CE,18660
2303204,CE,26892
2303303,CE,18804
2303402,CE,17631
2303501,CE,71079
2303600,CE,20451
2303659,CE,10365
2303709,CE,362223
2303808,CE,25063
2303907,CE,12952
2303931,CE,13384
2303956,CE,19197
2304004,CE,23107
2304103,CE,74426
2304202,CE,130604
2304236,CE,17874
2304251,CE,23983
2304269,CE,9521
2304277,CE,7163
2304285,CE,52667
2304301,CE,18720
2304350,CE,24047
2304400,CE,2627482
2304459,CE,16272
2304509,CE,13669
2304608,CE,6922
2304657,CE,15307
2304707,CE,54365
2304806,CE,4425
2304905,CE,11012
2304954,CE,26331
2305001,CE,39445
2305100,CE,3547
2305209,CE,20215
2305233,CE,65928
2305266,CE,13218
2305308,CE,24825
2305332,CE,12350
2305357,CE,19685
2305407,CE,67486
2305506,CE,102614
2305605,CE,25967
2305654,CE,11499
2305704,CE,12349
2305803,CE,41576
2305902,CE,37896
2306009,CE,14125
2306108,CE,23858
2306207,CE,7738
2306256,CE,39310
2306306,CE,51945
2306405,CE,127465
2306504,CE,20014
2306553,CE,41230
2306603,CE,20675
2306702,CE,17958
2306801,CE,11295
2306900,CE,34448
2307007,CE,33740
2307106,CE,27076
2307205,CE,7847
2307254,CE,19510
2307304,CE,270383
2307403,CE,24597
2307502,CE,31335
2307601,CE,58915
2307635,CE,19800
2307650,CE,224804
2307700,CE,126486
2307809,CE,26981
2307908,CE,11082
2308005,CE,38210
2308104,CE,46548
2308203,CE,14948
2308302,CE,28231
2308351,CE,13136
2308377,CE,13583
2308401,CE,35409
2308500,CE,43735
2308609,CE,17038
2308708,CE,61548
2308807,CE,8636
2308906,CE,22222
2309003,CE,14377
2309102,CE,12831
2309201,CE,15433
2309300,CE,32035
2309409,CE,28353
2309458,CE,25394
2309508,CE,21292
2309607,CE,70911
2309706,CE,82824
2309805,CE,11960
2309904,CE,6202
2310001,CE,9285
2310100,CE,13145
2310209,CE,33894
2310258,CE,32515
2310308,CE,31137
2310407,CE,11578
2310506,CE,42841
2310605,CE,8956
2310704,CE,37077
2310803,CE,16163
2310852,CE,20644
2310902,CE,16731
2310951,CE,10784
2311009,CE,12243
2311108,CE,14921
2311207,CE,10918
2311231,CE,6356
2311264,CE,20860
2311306,CE,86605
2311355,CE,14860
2311405,CE,78658
2311504,CE,21876
2311603,CE,27441
2311702,CE,18769
2311801,CE,76475
2311900,CE,15678
2311959,CE,16331
2312007,CE,32023
2312106,CE,17489
2312205,CE,43360
2312304,CE,46648
2312403,CE,48265
2312502,CE,7621
2312601,CE,12849
2312700,CE,26447
2312809,CE,7513
2312908,CE,205529
2313005,CE,18158
2313104,CE,30489
2313203,CE,25525
2313252,CE,8852
2313302,CE,58119
2313351,CE,18902
2313401,CE,74719
2313500,CE,55207
2313559,CE,15935
2313609,CE,34332
2313708,CE,7671
2313757,CE,19679
2313807,CE,21609
2313906,CE,13677
2313955,CE,18239
2314003,CE,40440
2314102,CE,60030
2400109,RN,11333
2400208,RN,58183
2400307,RN,11211
2400406,RN,3260
2400505,RN,13827
2400604,RN,4854
2400703,RN,14365
2400802,RN,11909
2400901,RN,7237
2401008,RN,36323
2401107,RN,27401
2401206,RN,14307
2401305,RN,9768
2401404,RN,9309
2401453,RN,28085
2401503,RN,4064
2401602,RN,5527
2401651,RN,2307
2401701,RN,10254
2401800,RN,12720
2401859,RN,6624
2401909,RN,3680
2402006,RN,68222
2402105,RN,11244
2402204,RN,34267
2402303,RN,20707
2402402,RN,8188
2402501,RN,10715
2402600,RN,73849
2402709,RN,11344
2402808,RN,5593
2402907,RN,4980
2403004,RN,8147
2403103,RN,45228
2403202,RN,7190
2403251,RN,254709
2403301,RN,5666
2403400,RN,6119
2403509,RN,10702
2403608,RN,28331
2403707,RN,6052
2403756,RN,3072
2403806,RN,9262
2403905,RN,2890
2404002,RN,4180
2404101,RN,2715
2404200,RN,26068
2404309,RN,13157
2404408,RN,10386
2404507,RN,15309
2404606,RN,13714
2404705,RN,15464
2404804,RN,2251
2404853,RN,7571
2404903,RN,5930
2405009,RN,9068
2405108,RN,6942
2405207,RN,5386
2405306,RN,10096
2405405,RN,5247
2405504,RN,2663
2405603,RN,14858
2405702,RN,12579
2405801,RN,35087
2405900,RN,2695
2406007,RN,6050
2406106,RN,18530
2406155,RN,3910
2406205,RN,6793
2406304,RN,7579
2406403,RN,2771
2406502,RN,15590
2406601,RN,8269
2406700,RN,11316
2406809,RN,4822
2406908,RN,4002
2407005,RN,10211
2407104,RN,80031
2407203,RN,31859
2407252,RN,4002
2407302,RN,8492
2407401,RN,8793
2407500,RN,12223
2407609,RN,4608
2407708,RN,11503
2407807,RN,22462
2407906,RN,2178
2408003,RN,295619
2408102,RN,885180
2408201,RN,27372
2408300,RN,37695
2408409,RN,4349
2408508,RN,4882
2408607,RN,4276
2408706,RN,3859
2408805,RN,5258
2408904,RN,21669
2408953,RN,10901
2409100,RN,13099
2409209,RN,3109
2409308,RN,12844
2409332,RN,5500
2409407,RN,30452
2409506,RN,3356
2409605,RN,2532
2409704,RN,6938
2409803,RN,14954
2409902,RN,15083
2410009,RN,3836
2410108,RN,15418
2410207,RN,7909
2410256,RN,6789
2410306,RN,10099
2410405,RN,9568
2410504,RN,5115
2410603,RN,3234
2410702,RN,3566
2410801,RN,4277
2410900,RN,8075
2411007,RN,4545
2411056,RN,4100
2411106,RN,3669
2411205,RN,39667
2411403,RN,13289
2411429,RN,2701
2411502,RN,24220
2411601,RN,2846
2411700,RN,4425
2411809,RN,3617
2411908,RN,4238
2412005,RN,101492
2412104,RN,6260
2412203,RN,43995
2412302,RN,13007
2412401,RN,4643
2412500,RN,23610
2412559,RN,9606
2412609,RN,17572
2412708,RN,6139
2412807,RN,8343
2412906,RN,11223
2413003,RN,6469
2413102,RN,6188
2413201,RN,4423
2413300,RN,5870
2413359,RN,11838
2413409,RN,8175
2413508,RN,6422
2413557,RN,4841
2413607,RN,3150
2413706,RN,5528
2413805,RN,2566
2413904,RN,12428
2414001,RN,15866
2414100,RN,10814
2414159,RN,5912
2414209,RN,13895
2414308,RN,2437
2414407,RN,34043
2414456,RN,3327
2414506,RN,10781
2414605,RN,14609
2414704,RN,5554
2414753,RN,4187
2414803,RN,12371
2414902,RN,1731
2415008,RN,3173
2500106,PB,10258
2500205,PB,5562
2500304,PB,28565
2500403,PB,20689
2500502,PB,14464
2500536,PB,5499
2500577,PB,2501
2500601,PB,19579
2500700,PB,17940
2500734,PB,2246
2500775,PB,8430
2500809,PB,17003
2500908,PB,13538
2501005,PB,20418
2501104,PB,22776
2501153,PB,2126
2501203,PB,6975
2501302,PB,19154
2501351,PB,3921
2501401,PB,9070
2501500,PB,21156
2501534,PB,4925
2501575,PB,8241
2501609,PB,15421
2501708,PB,5979
2501807,PB,97010
2501906,PB,17685
2502003,PB,7347
2502052,PB,3438
2502102,PB,5349
2502151,PB,7083
2502201,PB,2567
2502300,PB,4972
2502409,PB,11938
2502508,PB,17842
2502607,PB,6173
2502706,PB,5430
2502805,PB,14107
2502904,PB,6457
2503001,PB,21872
2503100,PB,5570
2503209,PB,68033
2503308,PB,10265
2503407,PB,3749
2503506,PB,17156
2503555,PB,7183
2503605,PB,7283
2503704,PB,62187
2503753,PB,3197
2503803,PB,6025
2503902,PB,6020
2504009,PB,410332
2504033,PB,6552
2504074,PB,4171
2504108,PB,2667
2504157,PB,7476
2504207,PB,4934
2504306,PB,30534
2504355,PB,4839
2504405,PB,18944
2504504,PB,6753
2504603,PB,24769
2504702,PB,4789
2504801,PB,15426
2504850,PB,1925
2504900,PB,17559
2505006,PB,7274
2505105,PB,20348
2505204,PB,6790
2505238,PB,6358
2505279,PB,5232
2505303,PB,2517
2505352,PB,5343
2505402,PB,8306
2505501,PB,3808
2505600,PB,6550
2505709,PB,10383
2505808,PB,3594
2505907,PB,3528
2506004,PB,33266
2506103,PB,11313
2506202,PB,2990
2506251,PB,8435
2506301,PB,58881
2506400,PB,14134
2506509,PB,3436
2506608,PB,5925
2506707,PB,11833
2506806,PB,18163
2506905,PB,24475
2507002,PB,24842
2507101,PB,18715
2507200,PB,10876
2507309,PB,14378
2507408,PB,7742
2507507,PB,811598
2507606,PB,7950
2507705,PB,18213
2507804,PB,7165
2507903,PB,10770
2508000,PB,9868
2508109,PB,4666
2508208,PB,7670
2508307,PB,27543
2508406,PB,2725
2508505,PB,7386
2508554,PB,4343
2508604,PB,13121
2508703,PB,4009
2508802,PB,5665
2508901,PB,45005
2509008,PB,11120
2509057,PB,8586
2509107,PB,21854
2509156,PB,6614
2509206,PB,13853
2509305,PB,8466
2509339,PB,4537
2509370,PB,2915
2509396,PB,6587
2509404,PB,13286
2509503,PB,5691
2509602,PB,4825
2509701,PB,33294
2509800,PB,9922
2509909,PB,10460
2510006,PB,7296
2510105,PB,10639
2510204,PB,5944
2510303,PB,4910
2510402,PB,6512
2510501,PB,3951
2510600,PB,3042
2510659,PB,1769
2510709,PB,2424
2510808,PB,107790
2510907,PB,12308
2511004,PB,3803
2511103,PB,8122
2511202,PB,28499
2511301,PB,16091
2511400,PB,18737
2511509,PB,11938
2511608,PB,6607
2511707,PB,5080
2511806,PB,10585
2511905,PB,19182
2512002,PB,18622
2512036,PB,3770
2512077,PB,4318
2512101,PB,32766
2512200,PB,4179
2512309,PB,23489
2512408,PB,13715
2512507,PB,44214
2512606,PB,1964
2512705,PB,19579
2512721,PB,6099
2512747,PB,3607
2512754,PB,4529
2512762,PB,4519
2512788,PB,1985
2512804,PB,8609
2512903,PB,24154
2513000,PB,3980
2513109,PB,12145
2513158,PB,6557
2513208,PB,6585
2513307,PB,5887
2513356,PB,3596
2513406,PB,15401
2513505,PB,5159
2513604,PB,7024
2513653,PB,2690
2513703,PB,136851
2513802,PB,4573
2513851,PB,2519
2513901,PB,34215
2513927,PB,4540
2513943,PB,2601
2513968,PB,3120
2513984,PB,3363
2514008,PB,4296
2514107,PB,4423
2514206,PB,7679
2514305,PB,6279
2514404,PB,4635
2514453,PB,5969
2514503,PB,20163
2514552,PB,3842
2514602,PB,3566
2514651,PB,1806
2514701,PB,4145
2514800,PB,3711
2514909,PB,7721
2515005,PB,7180
2515104,PB,11845
2515203,PB,3496
2515302,PB,52697
2515401,PB,11084
2515500,PB,13707
2515609,PB,3121
2515708,PB,3100
2515807,PB,7020
2515906,PB,6093
2515930,PB,5044
2515971,PB,7795
2516003,PB,26376
2516102,PB,14987
2516151,PB,3567
2516201,PB,69554
2516300,PB,16957
2516409,PB,10967
2516508,PB,15276
2516607,PB,14661
2516706,PB,15191
2516755,PB,3066
2516805,PB,9482
2516904,PB,15382
2517001,PB,9913
2517100,PB,2820
2517209,PB,5358
2517407,PB,2245
2600054,PE,99364
2600104,PE,37017
2600203,PE,19411
2600302,PE,24644
2600401,PE,36371
2600500,PE,43087
2600609,PE,14517
2600708,PE,38267
2600807,PE,22896
2600906,PE,22726
2601003,PE,11045
2601052,PE,20268
2601102,PE,83757
2601201,PE,73667
2601300,PE,14224
2601409,PE,42438
2601508,PE,11992
2601607,PE,20670
2601706,PE,75986
2601805,PE,12637
2601904,PE,60549
2602001,PE,37816
2602100,PE,48214
2602209,PE,39025
2602308,PE,38044
2602407,PE,8973
2602506,PE,7465
2602605,PE,50138
2602704,PE,13085
2602803,PE,57696
2602902,PE,204653
2603009,PE,33856
2603108,PE,20209
2603207,PE,28500
2603306,PE,11055
2603405,PE,5736
2603454,PE,156361
2603504,PE,18583
2603603,PE,8493
2603702,PE,24762
2603801,PE,19991
2603900,PE,19440
2603926,PE,12805
2604007,PE,82685
2604106,PE,356128
2604155,PE,14274
2604205,PE,42343
2604304,PE,11695
2604403,PE,13396
2604502,PE,21525
2604601,PE,26186
2604700,PE,18098
2604809,PE,12560
2604908,PE,11559
2605004,PE,23977
2605103,PE,36753
2605152,PE,18692
2605202,PE,68281
2605301,PE,31790
2605400,PE,21958
2605459,PE,3016
2605509,PE,12057
2605608,PE,22567
2605707,PE,32483
2605806,PE,15328
2605905,PE,30709
2606002,PE,138642
2606101,PE,30425
2606200,PE,79249
2606309,PE,7417
2606408,PE,83241
2606507,PE,19100
2606606,PE,28985
2606705,PE,7735
2606804,PE,115398
2606903,PE,12175
2607000,PE,22801
2607109,PE,4542
2607208,PE,94533
2607307,PE,30447
2607406,PE,4858
2607505,PE,26314
2607604,PE,25789
2607653,PE,36320
2607703,PE,13638
2607752,PE,26338
2607802,PE,16859
2607901,PE,695956
2607950,PE,11634
2608008,PE,17026
2608057,PE,14703
2608107,PE,33485
2608206,PE,15989
2608255,PE,11334
2608305,PE,14712
2608404,PE,15284
2608453,PE,17847
2608503,PE,21338
2608602,PE,13033
2608701,PE,16218
2608750,PE,25294
2608800,PE,39888
2608909,PE,56140
2609006,PE,25214
2609105,PE,15820
2609154,PE,21047
2609204,PE,11433
2609303,PE,15270
2609402,PE,62119
2609501,PE,32280
2609600,PE,390771
2609709,PE,23768
2609808,PE,14794
2609907,PE,68776
2610004,PE,62832
2610103,PE,7761
2610202,PE,26417
2610301,PE,11449
2610400,PE,21383
2610509,PE,28889
2610608,PE,55942
2610707,PE,328353
2610806,PE,22505
2610905,PE,66881
2611002,PE,36108
2611101,PE,343219
2611200,PE,11268
2611309,PE,26960
2611408,PE,14798
2611507,PE,25831
2611533,PE,6802
2611606,PE,1633697
2611705,PE,20392
2611804,PE,47088
2611903,PE,23379
2612000,PE,10065
2612109,PE,10747
2612208,PE,60453
2612307,PE,15779
2612406,PE,25979
2612455,PE,15202
2612471,PE,12501
2612505,PE,105761
2612554,PE,14355
2612604,PE,41652
2612703,PE,14013
2612802,PE,11734
2612901,PE,15683
2613008,PE,58824
2613107,PE,37023
2613206,PE,22628
2613305,PE,21257
2613404,PE,20963
2613503,PE,33804
2613602,PE,33704
2613701,PE,112099
2613800,PE,17904
2613909,PE,85568
2614006,PE,19080
2614105,PE,35670
2614204,PE,45263
2614303,PE,11238
2614402,PE,5978
2614501,PE,64373
2614600,PE,28301
2614709,PE,12853
2614808,PE,25368
2614857,PE,23100
2615003,PE,28358
2615102,PE,7120
2615201,PE,10437
2615300,PE,53083
2615409,PE,44189
2615508,PE,13689
2615607,PE,30155
2615706,PE,15221
2615805,PE,26990
2615904,PE,8169
2616001,PE,18258
2616100,PE,9490
2616183,PE,7641
2616209,PE,20460
2616308,PE,32429
2616407,PE,137578
2616506,PE,14651
2700102,AL,20467
2700201,AL,17818
2700300,AL,234185
2700409,AL,47744
2700508,AL,16064
2700607,AL,8401
2700706,AL,18757
2700805,AL,4453
2700904,AL,6797
2701001,AL,27590
2701100,AL,10675
2701209,AL,10897
2701308,AL,21526
2701357,AL,7024
2701407,AL,57548
2701506,AL,9692
2701605,AL,17983
2701704,AL,17354
2701803,AL,9155
2701902,AL,7427
2702009,AL,10888
2702108,AL,21926
2702207,AL,5918
2702306,AL,57498
2702355,AL,24510
2702405,AL,52597
2702504,AL,11214
2702553,AL,18435
2702603,AL,22481
2702702,AL,4806
2702801,AL,12966
2702900,AL,41279
2703007,AL,15840
2703106,AL,26022
2703205,AL,24793
2703304,AL,18652
2703403,AL,5356
2703502,AL,7135
2703601,AL,8453
2703700,AL,5676
2703759,AL,11782
2703809,AL,24280
2703908,AL,4231
2704005,AL,25093
2704104,AL,18175
2704203,AL,28953
2704302,AL,1029129
2704401,AL,20200
2704500,AL,32940
2704609,AL,9418
2704708,AL,52260
2704807,AL,13514
2704906,AL,3579
2705002,AL,25589
2705101,AL,25012
2705200,AL,17988
2705309,AL,5413
2705408,AL,7260
2705507,AL,28579
2705606,AL,12821
2705705,AL,21767
2705804,AL,9459
2705903,AL,5195
2706000,AL,11772
2706109,AL,11635
2706208,AL,5066
2706307,AL,74208
2706406,AL,24792
2706422,AL,10684
2706448,AL,13252
2706505,AL,15461
2706604,AL,7679
2706703,AL,64497
2706802,AL,18074
2706901,AL,35552
2707008,AL,2953
2707107,AL,25298
2707206,AL,14575
2707305,AL,27501
2707404,AL,7965
2707503,AL,20327
2707602,AL,11496
2707701,AL,76019
2707800,AL,6774
2707909,AL,7386
2708006,AL,48232
2708105,AL,10899
2708204,AL,7058
2708303,AL,24226
2708402,AL,32626
2708501,AL,34961
2708600,AL,61827
2708709,AL,8022
2708808,AL,34551
2708907,AL,13949
2708956,AL,14036
2709004,AL,6270
2709103,AL,20205
2709152,AL,44666
2709202,AL,28070
2709301,AL,66477
2709400,AL,26143
2800100,SE,2390
2800209,SE,21589
2800308,SE,650106
2800407,SE,10362
2800506,SE,18489
2800605,SE,29807
2800670,SE,26961
2800704,SE,8322
2801009,SE,18111
2801108,SE,4058
2801207,SE,29372
2801306,SE,34050
2801405,SE,21842
2801504,SE,16275
2801603,SE,5933
2801702,SE,18270
2801900,SE,4012
2802007,SE,5058
2802106,SE,69278
2802205,SE,5616
2802304,SE,15349
2802403,SE,11736
2802502,SE,3315
2802601,SE,5870
2802700,SE,8611
2802809,SE,17810
2802908,SE,95196
2803005,SE,41961
2803104,SE,4988
2803203,SE,34101
2803302,SE,18656
2803401,SE,13238
2803500,SE,104099
2803609,SE,29700
2803708,SE,6920
2803807,SE,3693
2803906,SE,12691
2804003,SE,17297
2804102,SE,11438
2804201,SE,15177
2804300,SE,7683
2804409,SE,18953
2804458,SE,8869
2804508,SE,36613
2804607,SE,26624
2804706,SE,6530
2804805,SE,181928
2804904,SE,14420
2805000,SE,3254
2805109,SE,9594
2805208,SE,6556
2805307,SE,9241
2805406,SE,34529
2805505,SE,23740
2805604,SE,28735
2805703,SE,29834
2805802,SE,20014
2805901,SE,10196
2806008,SE,18641
2806107,SE,10699
2806206,SE,20168
2806305,SE,14034
2806404,SE,7751
2806503,SE,3938
2806602,SE,12146
2806701,SE,89232
2806800,SE,11133
2806909,SE,3983
2807006,SE,3943
2807105,SE,40838
2807204,SE,8851
2807303,SE,3221
2807402,SE,52156
2807501,SE,13208
2807600,SE,25114
2900108,BA,9199
2900207,BA,20189
2900306,BA,15727
2900355,BA,17349
2900405,BA,17508
2900504,BA,11212
2900603,BA,4725
2900702,BA,155979
2900801,BA,23376
2900900,BA,5985
2901007,BA,38259
2901106,BA,26409
2901155,BA,16798
2901205,BA,19568
2901304,BA,13737
2901353,BA,15490
2901403,BA,14690
2901502,BA,11481
2901601,BA,19569
2901700,BA,12208
2901809,BA,12072
2901908,BA,18334
2901957,BA,7730
2902005,BA,13962
2902054,BA,12608
2902104,BA,55935
2902203,BA,11703
2902252,BA,11661
2902302,BA,9171
2902401,BA,12706
2902500,BA,14323
2902609,BA,21403
2902658,BA,13765
2902708,BA,54915
2902807,BA,22082
2902906,BA,34121
2903003,BA,14560
2903102,BA,6258
2903201,BA,157638
2903235,BA,15217
2903276,BA,16296
2903300,BA,6251
2903409,BA,24013
2903508,BA,18247
2903607,BA,16653
2903706,BA,14069
2903805,BA,19502
2903904,BA,70618
2903953,BA,10477
2904001,BA,14760
2904050,BA,17131
2904100,BA,22464
2904209,BA,10898
2904308,BA,15122
2904407,BA,10833
2904506,BA,10974
2904605,BA,69677
2904704,BA,19256
2904753,BA,21786
2904803,BA,7841
2904852,BA,19312
2904902,BA,35139
2905008,BA,23817
2905107,BA,10058
2905156,BA,16106
2905206,BA,52853
2905305,BA,19006
2905404,BA,18224
2905503,BA,13713
2905602,BA,33310
2905701,BA,296893
2905800,BA,36644
2905909,BA,30048
2906006,BA,73448
2906105,BA,10151
2906204,BA,26862
2906303,BA,33002
2906402,BA,8837
2906501,BA,89707
2906600,BA,14792
2906709,BA,26674
2906808,BA,36191
2906824,BA,17316
2906857,BA,12199
2906873,BA,31392
2906899,BA,9773
2906907,BA,22740
2907004,BA,9544
2907103,BA,30118
2907202,BA,73382
2907301,BA,27238
2907400,BA,3669
2907509,BA,56459
2907558,BA,9764
2907608,BA,17969
2907707,BA,11591
2907806,BA,34676
2907905,BA,17739
2908002,BA,19022
2908101,BA,19498
2908200,BA,23024
2908309,BA,18229
2908408,BA,68303
2908507,BA,33876
2908606,BA,26371
2908705,BA,18191
2908804,BA,4299
2908903,BA,23896
2909000,BA,8904
2909109,BA,14933
2909208,BA,16814
2909307,BA,33361
2909406,BA,14414
2909505,BA,5576
2909604,BA,21835
2909703,BA,14403
2909802,BA,64932
2909901,BA,35524
2910008,BA,11716
2910057,BA,80657
2910107,BA,12604
2910206,BA,4212
2910305,BA,8461
2910404,BA,19376
2910503,BA,43223
2910602,BA,37845
2910701,BA,61924
2910727,BA,115290
2910750,BA,18443
2910776,BA,5922
2910800,BA,627477
2910859,BA,17176
2910909,BA,5822
2911006,BA,11244
2911105,BA,25912
2911204,BA,33234
2911253,BA,4725
2911303,BA,11639
2911402,BA,15840
2911501,BA,7848
2911600,BA,21495
2911659,BA,8081
2911709,BA,86808
2911808,BA,22154
2911857,BA,13718
2911907,BA,25884
2912004,BA,10183
2912103,BA,23529
2912202,BA,19786
2912301,BA,16796
2912400,BA,18678
2912509,BA,15413
2912608,BA,4214
2912707,BA,24293
2912806,BA,8852
2912905,BA,17221
2913002,BA,16855
2913101,BA,17948
2913200,BA,27862
2913309,BA,6437
2913408,BA,16283
2913457,BA,14187
2913507,BA,27939
2913606,BA,176341
2913705,BA,40453
2913804,BA,15499
2913903,BA,47704
2914000,BA,62631
2914109,BA,10157
2914208,BA,7521
2914307,BA,9901
2914406,BA,25536
2914505,BA,29879
2914604,BA,74483
2914653,BA,31422
2914703,BA,66806
2914802,BA,221046
2914901,BA,28382
2915007,BA,16586
2915106,BA,13199
2915205,BA,15577
2915304,BA,7291
2915353,BA,14718
2915403,BA,7218
2915502,BA,21642
2915601,BA,67356
2915700,BA,8476
2915809,BA,24901
2915908,BA,6730
2916005,BA,20501
2916104,BA,22866
2916203,BA,9830
2916302,BA,10830
2916401,BA,77533
2916500,BA,36211
2916609,BA,10799
2916708,BA,8592
2916807,BA,20314
2916856,BA,14957
2916906,BA,13254
2917003,BA,37567
2917102,BA,21241
2917201,BA,19577
2917300,BA,29428
2917334,BA,11399
2917359,BA,9056
2917409,BA,15459
2917508,BA,83635
2917607,BA,56033
2917706,BA,34499
2917805,BA,19036
2917904,BA,11120
2918001,BA,162209
2918100,BA,41605
2918209,BA,15106
2918308,BA,12692
2918357,BA,25646
2918407,BA,221773
2918456,BA,9924
2918506,BA,16006
2918555,BA,6275
2918605,BA,7066
2918704,BA,3975
2918753,BA,16029
2918803,BA,24306
2918902,BA,4068
2919009,BA,4017
2919058,BA,8886
2919108,BA,9007
2919157,BA,28244
2919207,BA,197636
2919306,BA,11636
2919405,BA,12969
2919504,BA,46739
2919553,BA,83557
2919603,BA,11879
2919702,BA,19110
2919801,BA,50987
2919900,BA,8266
2919926,BA,21007
2919959,BA,4456
2920007,BA,10274
2920106,BA,19695
2920205,BA,17526
2920304,BA,8856
2920403,BA,14251
2920452,BA,13959
2920502,BA,23018
2920601,BA,46260
2920700,BA,21313
2920809,BA,10931
2920908,BA,14728
2921005,BA,46998
2921054,BA,12488
2921104,BA,23586
2921203,BA,27520
2921302,BA,11585
2921401,BA,18729
2921450,BA,9578
2921500,BA,51953
2921609,BA,8950
2921708,BA,36856
2921807,BA,12529
2921906,BA,9957
2922003,BA,42072
2922052,BA,11988
2922102,BA,27364
2922201,BA,7678
2922250,BA,11644
2922300,BA,30631
2922409,BA,22998
2922508,BA,29546
2922607,BA,14368
2922656,BA,13597
2922706,BA,17141
2922730,BA,8119
2922755,BA,6986
2922805,BA,8428
2922854,BA,9500
2922904,BA,25460
2923001,BA,44052
2923035,BA,12514
2923050,BA,16037
2923100,BA,29227
2923209,BA,22805
2923308,BA,8916
2923357,BA,18025
2923407,BA,22553
2923506,BA,9250
2923605,BA,22286
2923704,BA,32967
2923803,BA,30075
2923902,BA,10673
2924009,BA,120706
2924058,BA,14226
2924108,BA,7527
2924207,BA,18209
2924306,BA,18267
2924405,BA,35740
2924504,BA,16889
2924603,BA,21171
2924652,BA,11012
2924678,BA,10411
2924702,BA,11849
2924801,BA,25211
2924900,BA,9582
2925006,BA,26915
2925105,BA,48861
2925204,BA,39718
2925253,BA,15830
2925303,BA,149324
2925402,BA,8438
2925501,BA,29326
2925600,BA,15734
2925709,BA,13334
2925758,BA,28082
2925808,BA,26552
2925907,BA,28632
2925931,BA,9411
2925956,BA,23562
2926004,BA,42672
2926103,BA,14730
2926202,BA,23313
2926301,BA,34784
2926400,BA,36439
2926509,BA,15443
2926608,BA,54965
2926657,BA,7437
2926707,BA,13712
2926806,BA,15804
2926905,BA,12130
2927002,BA,41767
2927101,BA,9405
2927200,BA,32009
2927309,BA,15772
2927408,BA,2953986
2927507,BA,21415
2927606,BA,14976
2927705,BA,28552
2927804,BA,6698
2927903,BA,11161
2928000,BA,38422
2928059,BA,13398
2928109,BA,41769
2928208,BA,27492
2928307,BA,9263
2928406,BA,29146
2928505,BA,10682
2928604,BA,61961
2928703,BA,103342
2928802,BA,53898
2928901,BA,33661
2928950,BA,9404
2929008,BA,15310
2929057,BA,15825
2929107,BA,21964
2929206,BA,40220
2929255,BA,19613
2929305,BA,38018
2929354,BA,6045
2929370,BA,10784
2929404,BA,12092
2929503,BA,45827
2929602,BA,18114
2929701,BA,20429
2929750,BA,12380
2929800,BA,13385
2929909,BA,45568
2930006,BA,11696
2930105,BA,81218
2930154,BA,32991
2930204,BA,41891
2930303,BA,18320
2930402,BA,16036
2930501,BA,83088
2930600,BA,13832
2930709,BA,136050
2930758,BA,13437
2930766,BA,11283
2930774,BA,23713
2930808,BA,17503
2930907,BA,13057
2931004,BA,21315
2931053,BA,17884
2931103,BA,8232
2931202,BA,21462
2931301,BA,17845
2931350,BA,161690
2931400,BA,7936
2931509,BA,23378
2931608,BA,15357
2931707,BA,13536
2931806,BA,17700
2931905,BA,52540
2932002,BA,25773
2932101,BA,20800
2932200,BA,20489
2932309,BA,27527
2932408,BA,14474
2932457,BA,19522
2932507,BA,21331
2932606,BA,17356
2932705,BA,21711
2932804,BA,19780
2932903,BA,98749
2933000,BA,28743
2933059,BA,14662
2933109,BA,9449
2933158,BA,13454
2933174,BA,9375
2933208,BA,43640
2933257,BA,6620
2933307,BA,348718
2933406,BA,9753
2933455,BA,12935
2933505,BA,22365
2933604,BA,48365
3100104,MG,7059
3100203,MG,23611
3100302,MG,13733
3100401,MG,4065
3100500,MG,9997
3100609,MG,14370
3100708,MG,2058
3100807,MG,4440
3100906,MG,19416
3101003,MG,13576
3101102,MG,25711
3101201,MG,6209
3101300,MG,2752
3101409,MG,3046
3101508,MG,35866
3101607,MG,79707
3101631,MG,6775
3101706,MG,41794
3101805,MG,7515
3101904,MG,19846
3102001,MG,14551
3102050,MG,5791
3102100,MG,11693
3102209,MG,4199
3102308,MG,15599
3102407,MG,3673
3102506,MG,4924
3102605,MG,40706
3102704,MG,9479
3102803,MG,12507
3102852,MG,8541
3102902,MG,11608
3103009,MG,9637
3103108,MG,1664
3103207,MG,2368
3103306,MG,2111
3103405,MG,37361
3103504,MG,117445
3103603,MG,2873
3103702,MG,8544
3103751,MG,6774
3103801,MG,2883
3103900,MG,8996
3104007,MG,104283
3104106,MG,10578
3104205,MG,39811
3104304,MG,14956
3104403,MG,2859
3104452,MG,5192
3104502,MG,18243
3104601,MG,14118
3104700,MG,13762
3104809,MG,5023
3104908,MG,19315
3105004,MG,8051
3105103,MG,24018
3105202,MG,4984
3105301,MG,5739
3105400,MG,31968
3105509,MG,5648
3105608,MG,136689
3105707,MG,5624
3105905,MG,20882
3106002,MG,10416
3106101,MG,3503
3106200,MG,2523794
3106309,MG,26158
3106408,MG,7841
3106507,MG,12360
3106606,MG,4678
3106655,MG,4720
3106705,MG,427146
3106804,MG,3613
3106903,MG,14545
3107000,MG,2619
3107109,MG,40530
3107208,MG,5185
3107307,MG,50168
3107406,MG,50042
3107505,MG,6644
3107604,MG,4203
3107703,MG,6018
3107802,MG,15459
3107901,MG,10775
3108008,MG,17907
3108107,MG,7020
3108206,MG,5764
3108255,MG,10951
3108305,MG,19055
3108404,MG,15322
3108503,MG,6540
3108552,MG,16105
3108602,MG,32732
3108701,MG,4550
3108800,MG,5003
3108909,MG,14889
3109006,MG,38863
3109105,MG,11233
3109204,MG,10594
3109253,MG,4146
3109303,MG,24689
3109402,MG,28335
3109451,MG,6940
3109501,MG,14330
3109600,MG,3710
3109709,MG,11646
3109808,MG,2691
3109907,MG,11399
3110004,MG,44377
3110103,MG,5440
3110202,MG,4108
3110301,MG,14529
3110400,MG,3064
3110509,MG,22057
3110608,MG,29165
3110707,MG,13053
3110806,MG,3757
3110905,MG,16627
3111002,MG,21440
3111101,MG,20079
3111150,MG,3863
3111200,MG,54458
3111309,MG,11878
3111408,MG,7886
3111507,MG,15387
3111606,MG,29057
3111705,MG,4699
3111804,MG,12117
3111903,MG,5735
3112000,MG,15147
3112059,MG,4517
3112109,MG,5489
3112208,MG,4805
3112307,MG,37867
3112406,MG,7152
3112505,MG,9678
3112604,MG,16250
3112653,MG,5405
3112703,MG,15237
3112802,MG,8682
3112901,MG,9431
3113008,MG,23781
3113107,MG,3299
3113206,MG,25376
3113305,MG,33559
3113404,MG,91841
3113503,MG,9544
3113602,MG,6757
3113701,MG,19750
3113800,MG,2629
3113909,MG,12350
3114006,MG,11559
3114105,MG,14822
3114204,MG,22136
3114303,MG,30861
3114402,MG,21458
3114501,MG,18995
3114550,MG,10072
3114600,MG,4110
3114709,MG,3581
3114808,MG,4617
3114907,MG,2309
3115003,MG,3071
3115102,MG,18057
3115201,MG,4050
3115300,MG,75025
3115359,MG,5316
3115409,MG,3666
3115458,MG,6612
3115474,MG,5151
3115508,MG,22208
3115607,MG,1209
3115706,MG,7112
3115805,MG,10622
3115904,MG,3101
3116001,MG,5823
3116100,MG,15675
3116159,MG,12971
3116209,MG,2789
3116308,MG,6868
3116407,MG,4847
3116506,MG,7819
3116605,MG,28287
3116704,MG,7559
3116803,MG,9146
3116902,MG,3138
3117009,MG,7599
3117108,MG,10374
3117207,MG,2858
3117306,MG,26818
3117405,MG,4644
3117504,MG,18126
3117603,MG,5515
3117702,MG,13724
3117801,MG,11467
3117836,MG,7624
3117876,MG,6608
3117900,MG,11706
3118007,MG,53843
3118106,MG,5134
3118205,MG,6960
3118304,MG,127369
3118403,MG,23240
3118502,MG,1810
3118601,MG,658580
3118700,MG,9432
3118809,MG,27052
3118908,MG,9029
3119005,MG,3587
3119104,MG,24384
3119203,MG,10339
3119302,MG,28508
3119401,MG,110326
3119500,MG,9411
3119609,MG,3125
3119708,MG,3471
3119807,MG,3359
3119906,MG,3804
3119955,MG,6295
3120003,MG,2970
3120102,MG,4444
3120151,MG,6631
3120201,MG,12564
3120300,MG,6042
3120409,MG,5225
3120508,MG,10482
3120607,MG,5057
3120706,MG,4174
3120805,MG,15497
3120839,MG,4995
3120870,MG,7623
3120904,MG,79878
3121001,MG,5471
3121100,MG,8205
3121209,MG,7186
3121258,MG,9904
3121308,MG,5047
3121407,MG,7334
3121506,MG,3015
3121605,MG,48230
3121704,MG,3913
3121803,MG,8287
3121902,MG,3455
3122009,MG,20133
3122108,MG,5086
3122207,MG,7559
3122306,MG,234937
3122355,MG,6625
3122405,MG,6068
3122454,MG,10547
3122470,MG,3818
3122504,MG,5247
3122603,MG,4602
3122702,MG,5351
3122801,MG,3072
3122900,MG,6527
3123007,MG,10093
3123106,MG,5316
3123205,MG,13923
3123304,MG,4437
3123403,MG,1533
3123502,MG,1930
3123528,MG,7884
3123601,MG,27730
3123700,MG,11098
3123809,MG,7377
3123858,MG,5443
3123908,MG,15292
3124005,MG,19015
3124104,MG,69010
3124203,MG,24805
3124302,MG,32214
3124401,MG,4712
3124500,MG,11449
3124609,MG,2448
3124708,MG,3590
3124807,MG,7981
3124906,MG,11285
3125002,MG,3952
3125101,MG,34344
3125200,MG,2426
3125309,MG,3371
3125408,MG,5012
3125507,MG,3205
3125606,MG,7431
3125705,MG,15273
3125804,MG,3369
3125903,MG,10432
3125952,MG,11039
3126000,MG,7343
3126109,MG,68423
3126208,MG,9294
3126307,MG,4407
3126406,MG,2932
3126505,MG,10557
3126604,MG,5215
3126703,MG,26428
3126752,MG,5672
3126802,MG,6024
3126901,MG,9597
3126950,MG,3510
3127008,MG,17072
3127057,MG,4733
3127073,MG,5709
3127107,MG,58770
3127206,MG,4277
3127305,MG,7034
3127339,MG,5246
3127354,MG,3160
3127370,MG,3328
3127388,MG,3952
3127404,MG,4410
3127503,MG,6223
3127602,MG,12064
3127701,MG,280901
3127800,MG,15931
3127909,MG,1418
3128006,MG,34054
3128105,MG,14460
3128204,MG,10542
3128253,MG,5001
3128303,MG,19378
3128402,MG,9047
3128501,MG,3938
3128600,MG,6736
3128709,MG,52294
3128808,MG,7300
3128907,MG,7956
3129004,MG,8714
3129103,MG,5959
3129202,MG,6561
3129301,MG,10962
3129400,MG,5150
3129509,MG,25100
3129608,MG,8400
3129657,MG,6165
3129707,MG,13575
3129806,MG,177475
3129905,MG,3536
3130002,MG,3018
3130051,MG,11835
3130101,MG,41127
3130200,MG,10547
3130309,MG,8172
3130408,MG,6460
3130507,MG,12358
3130556,MG,6899
3130606,MG,7356
3130655,MG,7524
3130705,MG,6806
3130804,MG,2785
3130903,MG,24792
3131000,MG,6240
3131109,MG,7489
3131158,MG,18375
3131208,MG,19736
3131307,MG,261203
3131406,MG,4285
3131505,MG,10125
3131604,MG,6969
3131703,MG,119285
3131802,MG,11498
3131901,MG,50816
3132008,MG,5374
3132107,MG,18443
3132206,MG,13329
3132305,MG,12725
3132404,MG,97000
3132503,MG,34661
3132602,MG,4362
3132701,MG,23637
3132800,MG,2207
3132909,MG,10501
3133006,MG,15391
3133105,MG,15290
3133204,MG,12394
3133303,MG,21559
3133402,MG,15041
3133501,MG,22158
3133600,MG,9618
3133709,MG,10979
3133758,MG,16082
3133808,MG,92696
3133907,MG,5690
3134004,MG,15147
3134103,MG,6120
3134202,MG,104526
3134301,MG,6213
3134400,MG,38484
3134509,MG,3926
3134608,MG,19545
3134707,MG,12561
3134806,MG,7809
3134905,MG,25453
3135001,MG,3158
3135050,MG,37939
3135076,MG,5414
3135100,MG,71653
3135209,MG,68584
3135308,MG,4308
3135357,MG,8683
3135407,MG,5209
3135456,MG,7672
3135506,MG,12859
3135605,MG,7890
3135704,MG,5319
3135803,MG,25560
3135902,MG,4898
3136009,MG,15634
3136108,MG,4996
3136207,MG,79590
3136306,MG,48751
3136405,MG,4669
3136504,MG,10901
3136520,MG,4631
3136553,MG,4894
3136579,MG,4877
3136603,MG,5804
3136652,MG,25874
3136702,MG,563769
3136801,MG,4358
3136900,MG,10341
3136959,MG,5860
3137007,MG,18152
3137106,MG,7795
3137205,MG,51204
3137304,MG,4248
3137403,MG,13056
3137502,MG,18175
3137536,MG,9440
3137601,MG,61752
3137700,MG,20301
3137809,MG,20870
3137908,MG,3498
3138005,MG,6852
3138104,MG,6664
3138203,MG,102124
3138302,MG,3300
3138351,MG,4998
3138401,MG,53354
3138500,MG,5296
3138609,MG,16910
3138625,MG,7487
3138658,MG,9044
3138674,MG,6409
3138682,MG,6756
3138708,MG,5572
3138807,MG,18400
3138906,MG,7237
3139003,MG,41920
3139102,MG,5153
3139201,MG,19157
3139250,MG,6624
3139300,MG,19372
3139409,MG,88580
3139508,MG,22784
3139607,MG,28132
3139706,MG,7876
3139805,MG,12743
3139904,MG,14488
3140001,MG,59857
3140100,MG,4254
3140159,MG,14988
3140209,MG,2979
3140308,MG,4129
3140407,MG,2900
3140506,MG,13436
3140530,MG,8172
3140555,MG,8539
3140605,MG,4619
3140704,MG,30678
3140803,MG,14449
3140852,MG,10999
3140902,MG,18914
3141009,MG,12849
3141108,MG,37344
3141207,MG,3846
3141306,MG,3765
3141405,MG,21409
3141504,MG,6564
3141603,MG,10868
3141702,MG,5911
3141801,MG,32009
3141900,MG,3970
3142007,MG,13726
3142106,MG,10837
3142205,MG,14946
3142254,MG,4885
3142304,MG,4957
3142403,MG,7525
3142502,MG,2327
3142601,MG,8711
3142700,MG,15603
3142809,MG,21095
3142908,MG,21783
3143005,MG,13453
3143104,MG,48248
3143153,MG,4936
3143203,MG,21949
3143302,MG,402027
3143401,MG,23444
3143450,MG,8168
3143500,MG,8860
3143609,MG,2595
3143708,MG,3339
3143807,MG,6261
3143906,MG,108537
3144003,MG,27528
3144102,MG,21026
3144201,MG,3274
3144300,MG,41787
3144359,MG,6930
3144375,MG,3382
3144409,MG,4820
3144508,MG,8583
3144607,MG,27053
3144656,MG,10375
3144672,MG,3465
3144706,MG,17994
3144805,MG,92178
3144904,MG,3757
3145000,MG,14934
3145059,MG,7648
3145109,MG,16645
3145208,MG,94681
3145307,MG,31884
3145356,MG,10869
3145372,MG,5308
3145406,MG,1873
3145455,MG,5943
3145505,MG,2763
3145604,MG,41907
3145703,MG,2182
3145802,MG,3192
3145851,MG,4710
3145877,MG,7949
3145901,MG,38935
3146008,MG,33716
3146107,MG,74659
3146206,MG,6110
3146255,MG,6338
3146305,MG,20177
3146404,MG,4650
3146503,MG,8391
3146552,MG,6184
3146602,MG,1577
3146701,MG,6753
3146750,MG,6161
3146909,MG,15516
3147006,MG,92386
3147105,MG,92739
3147204,MG,21583
3147303,MG,20983
3147402,MG,24427
3147501,MG,1732
3147600,MG,16470
3147709,MG,8324
3147808,MG,2104
3147907,MG,114458
3147956,MG,5976
3148004,MG,150893
3148103,MG,89983
3148202,MG,5680
3148301,MG,9698
3148400,MG,4982
3148509,MG,8709
3148608,MG,17871
3148707,MG,24748
3148756,MG,7117
3148806,MG,3270
3148905,MG,4034
3149002,MG,2452
3149101,MG,11570
3149150,MG,11396
3149200,MG,3672
3149309,MG,63837
3149408,MG,1843
3149507,MG,3347
3149606,MG,4395
3149705,MG,10846
3149804,MG,15925
3149903,MG,21444
3149952,MG,7060
3150000,MG,4311
3150109,MG,2850
3150158,MG,8247
3150208,MG,4213
3150307,MG,4684
3150406,MG,4981
3150505,MG,8720
3150539,MG,4873
3150570,MG,7585
3150604,MG,6566
3150703,MG,5790
3150802,MG,17918
3150901,MG,5514
3151008,MG,8597
3151107,MG,10876
3151206,MG,56706
3151305,MG,11080
3151404,MG,27706
3151503,MG,34525
3151602,MG,11796
3151701,MG,16903
3151800,MG,166085
3151909,MG,8841
3152006,MG,31612
3152105,MG,60361
3152131,MG,4259
3152170,MG,12138
3152204,MG,38741
3152303,MG,11245
3152402,MG,16641
3152501,MG,147137
3152600,MG,6185
3152709,MG,9021
3152808,MG,27796
3152907,MG,8890
3153004,MG,3569
3153103,MG,5562
3153202,MG,3827
3153301,MG,3061
3153400,MG,19599
3153509,MG,8522
3153608,MG,10577
3153707,MG,3557
3153806,MG,1958
3153905,MG,16390
3154002,MG,24368
3154101,MG,10697
3154150,MG,7117
3154200,MG,11569
3154309,MG,17715
3154408,MG,4861
3154457,MG,8290
3154507,MG,9672
3154606,MG,328871
3154705,MG,4058
3154804,MG,10123
3154903,MG,14130
3155009,MG,2623
3155108,MG,5302
3155207,MG,5825
3155306,MG,5774
3155405,MG,9084
3155504,MG,12462
3155603,MG,31016
3155702,MG,14624
3155801,MG,18061
3155900,MG,5544
3156007,MG,13453
3156106,MG,4834
3156205,MG,2293
3156304,MG,7857
3156403,MG,3644
3156452,MG,4580
3156502,MG,6789
3156601,MG,10377
3156700,MG,135968
3156809,MG,15936
3156908,MG,25998
3157005,MG,41678
3157104,MG,7127
3157203,MG,30690
3157252,MG,8180
3157278,MG,3096
3157302,MG,4590
3157336,MG,8547
3157377,MG,4337
3157401,MG,4960
3157500,MG,4587
3157609,MG,3985
3157658,MG,6410
3157708,MG,13380
3157807,MG,218897
3157906,MG,16173
3158003,MG,11007
3158102,MG,5381
3158201,MG,14896
3158300,MG,7322
3158409,MG,3876
3158508,MG,7965
3158607,MG,4032
3158706,MG,2436
3158805,MG,4861
3158904,MG,8853
3158953,MG,32828
3159001,MG,4301
3159100,MG,3887
3159209,MG,9198
3159308,MG,5043
3159357,MG,7149
3159407,MG,3566
3159506,MG,5699
3159605,MG,42324
3159704,MG,3386
3159803,MG,19646
3159902,MG,18553
3160009,MG,3668
3160108,MG,4071
3160207,MG,4040
3160306,MG,11977
3160405,MG,28115
3160454,MG,7339
3160504,MG,1813
3160603,MG,3218
3160702,MG,47561
3160801,MG,5159
3160900,MG,3747
3160959,MG,5697
3161007,MG,17787
3161056,MG,3458
3161106,MG,56805
3161205,MG,6673
3161304,MG,6224
3161403,MG,5085
3161502,MG,11905
3161601,MG,4214
3161650,MG,3920
3161700,MG,6898
3161809,MG,11985
3161908,MG,10773
3162005,MG,25517
3162104,MG,35016
3162203,MG,7431
3162252,MG,4942
3162302,MG,2811
3162401,MG,25856
3162450,MG,12862
3162500,MG,90263
3162559,MG,11367
3162575,MG,5759
3162609,MG,7819
3162658,MG,4396
3162708,MG,23729
3162807,MG,16083
3162906,MG,26538
3162922,MG,30160
3162948,MG,7374
3162955,MG,22910
3163003,MG,4303
3163102,MG,4834
3163201,MG,4228
3163300,MG,3946
3163409,MG,5633
3163508,MG,6650
3163607,MG,2787
3163706,MG,45457
3163805,MG,7045
3163904,MG,4911
3164001,MG,8181
3164100,MG,5494
3164209,MG,11892
3164308,MG,7092
3164407,MG,5438
3164431,MG,3006
3164472,MG,6419
3164506,MG,10511
3164605,MG,6589
3164704,MG,70533
3164803,MG,1582
3164902,MG,2249
3165008,MG,11073
3165107,MG,7222
3165206,MG,7106
3165305,MG,7672
3165404,MG,6850
3165503,MG,6198
3165537,MG,31037
3165552,MG,12060
3165560,MG,2776
3165578,MG,5439
3165602,MG,2049
3165701,MG,7792
3165800,MG,1672
3165909,MG,4410
3166006,MG,5892
3166105,MG,3602
3166204,MG,10622
3166303,MG,7434
3166402,MG,1874
3166501,MG,4372
3166600,MG,812
3166709,MG,8809
3166808,MG,11491
3166907,MG,7812
3166956,MG,4769
3167004,MG,2023
3167103,MG,21435
3167202,MG,236228
3167301,MG,2292
3167400,MG,6314
3167509,MG,2651
3167608,MG,19633
3167707,MG,5791
3167806,MG,6131
3167905,MG,3963
3168002,MG,33824
3168051,MG,3196
3168101,MG,4650
3168200,MG,1921
3168309,MG,4075
3168408,MG,14667
3168507,MG,11836
3168606,MG,141934
3168705,MG,88931
3168804,MG,7807
3168903,MG,6795
3169000,MG,16766
3169059,MG,4147
3169109,MG,6232
3169208,MG,8772
3169307,MG,78999
3169356,MG,31687
3169406,MG,57097
3169505,MG,6739
3169604,MG,25538
3169703,MG,19762
3169802,MG,5025
3169901,MG,113300
3170008,MG,12531
3170057,MG,12622
3170107,MG,328272
3170206,MG,676613
3170305,MG,2709
3170404,MG,83980
3170438,MG,4452
3170479,MG,3338
3170503,MG,10589
3170529,MG,16095
3170578,MG,6632
3170602,MG,2209
3170651,MG,5032
3170701,MG,134364
3170750,MG,6947
3170800,MG,39128
3170909,MG,19723
3171006,MG,20784
3171030,MG,9220
3171071,MG,5798
3171105,MG,3911
3171154,MG,4905
3171204,MG,122365
3171303,MG,78381
3171402,MG,3741
3171501,MG,3342
3171600,MG,14043
3171709,MG,8870
3171808,MG,10793
3171907,MG,5613
3172004,MG,41932
3172103,MG,5315
3172202,MG,2615
3200102,ES,32361
3200136,ES,10085
3200169,ES,11893
3200201,ES,32146
3200300,ES,15082
3200359,ES,8022
3200409,ES,28546
3200508,ES,7932
3200607,ES,98393
3200706,ES,11804
3200805,ES,31794
3200904,ES,45283
3201001,ES,15460
3201100,ES,10254
3201159,ES,12838
3201209,ES,211649
3201308,ES,387368
3201407,ES,38304
3201506,ES,124525
3201605,ES,31574
3201704,ES,12944
3201803,ES,4612
3201902,ES,34757
3202009,ES,6949
3202108,ES,24217
3202207,ES,20757
3202256,ES,12600
3202306,ES,31201
3202405,ES,123166
3202454,ES,25882
3202504,ES,12581
3202553,ES,9373
3202603,ES,14016
3202652,ES,13380
3202702,ES,14815
3202801,ES,34628
3202900,ES,11231
3203007,ES,29896
3203056,ES,29642
3203106,ES,12036
3203130,ES,17168
3203163,ES,11457
3203205,ES,169048
3203304,ES,15419
3203320,ES,38670
3203346,ES,16545
3203353,ES,12602
3203403,ES,27388
3203502,ES,19391
3203601,ES,5861
3203700,ES,18745
3203809,ES,15806
3203908,ES,50991
3204005,ES,23697
3204054,ES,26537
3204104,ES,27130
3204203,ES,21336
3204252,ES,7901
3204302,ES,11742
3204351,ES,19457
3204401,ES,12095
3204500,ES,12889
3204559,ES,39928
3204609,ES,24025
3204658,ES,8818
3204708,ES,37375
3204807,ES,11036
3204906,ES,128449
3204955,ES,12579
3205002,ES,502618
3205010,ES,29038
3205036,ES,21584
3205069,ES,24575
3205101,ES,76776
3205150,ES,9459
3205176,ES,14697
3205200,ES,486388
3205309,ES,363140
3300100,RJ,194619
3300159,RJ,11292
3300209,RJ,126742
3300225,RJ,12143
3300233,RJ,32260
3300258,RJ,29304
3300308,RJ,97460
3300407,RJ,179451
3300456,RJ,495783
3300506,RJ,26566
3300605,RJ,36068
3300704,RJ,216030
3300803,RJ,57048
3300902,RJ,15124
3300936,RJ,15568
3300951,RJ,8336
3301009,RJ,490288
3301108,RJ,19697
3301157,RJ,12519
3301207,RJ,18264
3301306,RJ,41999
3301405,RJ,22461
3301504,RJ,21250
3301603,RJ,11169
3301702,RJ,890997
3301801,RJ,13576
3301850,RJ,57921
3301876,RJ,26936
3301900,RJ,232394
3302007,RJ,122369
3302056,RJ,14723
3302106,RJ,22694
3302205,RJ,99997
3302254,RJ,30703
3302270,RJ,101237
3302304,RJ,7217
3302403,RJ,244139
3302452,RJ,5434
3302502,RJ,237420
3302601,RJ,42415
3302700,RJ,153008
3302809,RJ,18123
3302858,RJ,171280
3302908,RJ,24871
3303005,RJ,26551
3303104,RJ,14960
3303203,RJ,158329
3303302,RJ,499028
3303401,RJ,185381
3303500,RJ,798647
3303609,RJ,50447
3303708,RJ,42922
3303807,RJ,41454
3303856,RJ,26991
3303906,RJ,298235
3303955,RJ,24282
3304003,RJ,28222
3304102,RJ,18248
3304110,RJ,18829
3304128,RJ,13785
3304144,RJ,145386
3304151,RJ,23535
3304201,RJ,126923
3304300,RJ,58272
3304409,RJ,17988
3304508,RJ,8984
3304524,RJ,141117
3304557,RJ,6520266
3304607,RJ,10172
3304706,RJ,41312
3304755,RJ,41191
3304805,RJ,37689
3304904,RJ,1049826
3305000,RJ,35174
3305109,RJ,460461
3305133,RJ,6953
3305158,RJ,21114
3305208,RJ,99906
3305307,RJ,9094
3305406,RJ,17765
3305505,RJ,85175
3305554,RJ,84416
3305604,RJ,21253
3305703,RJ,15191
3305752,RJ,32970
3305802,RJ,176060
3305901,RJ,10352
3306008,RJ,79402
3306107,RJ,74237
3306156,RJ,10597
3306206,RJ,35768
3306305,RJ,265201
3500105,SP,35139
3500204,SP,3609
3500303,SP,35508
3500402,SP,8104
3500501,SP,18509
3500550,SP,6009
3500600,SP,3268
3500709,SP,36880
3500758,SP,5754
3500808,SP,4135
3500907,SP,4109
3501004,SP,16219
3501103,SP,4154
3501152,SP,18324
3501202,SP,3795
3501301,SP,24813
3501400,SP,5119
3501509,SP,3196
3501608,SP,233868
3501707,SP,39189
3501806,SP,5967
3501905,SP,71193
3502002,SP,4845
3502101,SP,57350
3502200,SP,24634
3502309,SP,6484
3502408,SP,4053
3502507,SP,36279
3502606,SP,4329
3502705,SP,24945
3502754,SP,21038
3502804,SP,194874
3502903,SP,32495
3503000,SP,5552
3503109,SP,6368
3503158,SP,2509
3503208,SP,230770
3503307,SP,131282
3503356,SP,1856
3503406,SP,8452
3503505,SP,3879
3503604,SP,11107
3503703,SP,9451
3503802,SP,51986
3503901,SP,86430
3503950,SP,1842
3504008,SP,102924
3504107,SP,139683
3504206,SP,15085
3504305,SP,5337
3504404,SP,13112
3504503,SP,89479
3504602,SP,16843
3504701,SP,5188
3504800,SP,8908
3504909,SP,10867
3505005,SP,3406
3505104,SP,7251
3505203,SP,34602
3505302,SP,36331
3505351,SP,5653
3505401,SP,7781
3505500,SP,120638
3505609,SP,31921
3505708,SP,267534
3505807,SP,21073
3505906,SP,61480
3506003,SP,371690
3506102,SP,77761
3506201,SP,2925
3506300,SP,11180
3506359,SP,59297
3506409,SP,7837
3506508,SP,120692
3506607,SP,31793
3506706,SP,14727
3506805,SP,12040
3506904,SP,11236
3507001,SP,57910
3507100,SP,24023
3507159,SP,3888
3507209,SP,839
3507308,SP,4717
3507407,SP,15791
3507456,SP,2577
3507506,SP,142546
3507605,SP,164163
3507704,SP,5557
3507753,SP,2812
3507803,SP,24092
3507902,SP,23858
3508009,SP,19737
3508108,SP,16841
3508207,SP,4408
3508306,SP,4352
3508405,SP,47877
3508504,SP,92587
3508603,SP,32773
3508702,SP,19025
3508801,SP,17645
3508900,SP,4211
3509007,SP,98223
3509106,SP,5695
3509205,SP,73921
3509254,SP,28870
3509304,SP,10444
3509403,SP,25655
3509452,SP,5963
3509502,SP,1182429
3509601,SP,82520
3509700,SP,51454
3509809,SP,4900
3509908,SP,12609
3509957,SP,4975
3510005,SP,31263
3510104,SP,2792
3510153,SP,5025
3510203,SP,47463
3510302,SP,20005
3510401,SP,54298
3510500,SP,116786
3510609,SP,396587
3510708,SP,12328
3510807,SP,30144
3510906,SP,2591
3511003,SP,20362
3511102,SP,120691
3511201,SP,7700
3511300,SP,8971
3511409,SP,19495
3511508,SP,46733
3511607,SP,17587
3511706,SP,16772
3511904,SP,8254
3512001,SP,18376
3512100,SP,6225
3512209,SP,27554
3512308,SP,17638
3512407,SP,23793
3512506,SP,5885
3512605,SP,4840
3512704,SP,4054
3512803,SP,69086
3512902,SP,7374
3513009,SP,237750
3513108,SP,34651
3513207,SP,8424
3513306,SP,2161
3513405,SP,81724
3513504,SP,128748
3513603,SP,21929
3513702,SP,33346
3513801,SP,417869
3513850,SP,1785
3513900,SP,11384
3514007,SP,8744
3514106,SP,26891
3514205,SP,2136
3514304,SP,8909
3514403,SP,46324
3514502,SP,12549
3514601,SP,9468
3514700,SP,6247
3514809,SP,15436
3514908,SP,17393
3514924,SP,3537
3514957,SP,2476
3515004,SP,267054
3515103,SP,68270
3515129,SP,3197
3515152,SP,19497
3515186,SP,44170
3515194,SP,4713
3515202,SP,8466
3515301,SP,2769
3515350,SP,9559
3515400,SP,16028
3515509,SP,68670
3515608,SP,5782
3515657,SP,1691
3515707,SP,188868
3515806,SP,1571
3515905,SP,2982
3516002,SP,14282
3516101,SP,2758
3516200,SP,347237
3516309,SP,171602
3516408,SP,149502
3516507,SP,2791
3516606,SP,6776
3516705,SP,44582
3516804,SP,4683
3516853,SP,4739
3516903,SP,10951
3517000,SP,11362
3517109,SP,4800
3517208,SP,11869
3517307,SP,5737
3517406,SP,40287
3517505,SP,20637
3517604,SP,17640
3517703,SP,21081
3517802,SP,8466
3517901,SP,10964
3518008,SP,2017
3518107,SP,6672
3518206,SP,32654
3518305,SP,28978
3518404,SP,120417
3518503,SP,17551
3518602,SP,39216
3518701,SP,315563
3518800,SP,1349113
3518859,SP,7546
3518909,SP,5179
3519006,SP,9397
3519055,SP,14012
3519071,SP,222186
3519105,SP,11343
3519204,SP,6434
3519253,SP,8484
3519303,SP,34226
3519402,SP,12096
3519501,SP,7540
3519600,SP,58715
3519709,SP,77566
3519808,SP,8112
3519907,SP,8103
3520004,SP,24596
3520103,SP,30073
3520202,SP,9443
3520301,SP,30644
3520400,SP,33354
3520426,SP,10656
3520442,SP,26540
3520509,SP,239602
3520608,SP,4931
3520707,SP,3951
3520806,SP,3933
3520905,SP,14766
3521002,SP,34913
3521101,SP,7177
3521150,SP,5178
3521200,SP,4299
3521309,SP,15932
3521408,SP,23264
3521507,SP,7878
3521606,SP,8248
3521705,SP,17879
3521804,SP,26526
3521903,SP,15246
3522000,SP,3703
3522109,SP,98629
3522158,SP,3341
3522208,SP,170927
3522307,SP,160070
3522406,SP,93570
3522505,SP,229502
3522604,SP,73844
3522653,SP,4186
3522703,SP,42747
3522802,SP,15165
3522901,SP,13618
3523008,SP,4802
3523107,SP,360657
3523206,SP,50379
3523305,SP,17062
3523404,SP,116503
3523503,SP,20158
3523602,SP,17589
3523701,SP,6405
3523800,SP,7853
3523909,SP,170157
3524006,SP,57031
3524105,SP,41414
3524204,SP,6917
3524303,SP,76563
3524402,SP,229851
3524501,SP,6728
3524600,SP,17900
3524709,SP,54204
3524808,SP,49110
3524907,SP,6305
3525003,SP,121492
3525102,SP,42904
3525201,SP,28540
3525300,SP,146338
3525409,SP,3202
3525508,SP,12947
3525607,SP,4468
3525706,SP,36198
3525805,SP,4733
3525854,SP,3237
3525904,SP,409497
3526001,SP,20353
3526100,SP,19192
3526209,SP,31027
3526308,SP,4943
3526407,SP,27890
3526506,SP,11156
3526605,SP,7150
3526704,SP,101184
3526803,SP,67185
3526902,SP,300911
3527009,SP,7695
3527108,SP,77021
3527207,SP,87980
3527256,SP,2270
3527306,SP,45922
3527405,SP,21461
3527504,SP,2381
3527603,SP,14021
3527702,SP,5633
3527801,SP,4573
3527900,SP,2705
3528007,SP,17111
3528106,SP,8086
3528205,SP,3736
3528304,SP,3185
3528403,SP,46567
3528502,SP,95601
3528601,SP,9714
3528700,SP,5611
3528809,SP,13981
3528858,SP,2949
3528908,SP,4087
3529005,SP,235234
3529104,SP,2140
3529203,SP,26123
3529302,SP,82307
3529401,SP,462005
3529500,SP,5302
3529609,SP,3892
3529658,SP,1926
3529708,SP,21973
3529807,SP,12812
3529906,SP,20288
3530003,SP,3045
3530102,SP,29315
3530201,SP,18130
3530300,SP,58760
3530409,SP,4758
3530508,SP,68994
3530607,SP,433901
3530706,SP,149396
3530805,SP,92365
3530904,SP,3470
3531001,SP,2249
3531100,SP,54257
3531209,SP,7871
3531308,SP,49979
3531407,SP,24393
3531506,SP,19234
3531605,SP,4190
3531704,SP,4549
3531803,SP,57240
3531902,SP,32220
3532009,SP,13232
3532058,SP,4676
3532108,SP,4453
3532157,SP,3049
3532207,SP,4746
3532306,SP,6754
3532405,SP,18121
3532504,SP,8999
3532603,SP,11398
3532702,SP,4994
3532801,SP,6733
3532827,SP,9504
3532843,SP,1978
3532868,SP,1239
3532900,SP,10755
3533007,SP,21071
3533106,SP,2304
3533205,SP,3745
3533254,SP,5527
3533304,SP,3953
3533403,SP,58227
3533502,SP,40225
3533601,SP,7341
3533700,SP,4308
3533809,SP,2583
3533908,SP,54037
3534005,SP,4286
3534104,SP,6473
3534203,SP,6731
3534302,SP,43306
3534401,SP,697886
3534500,SP,2616
3534609,SP,32709
3534708,SP,111813
3534757,SP,9897
3534807,SP,8440
3534906,SP,14086
3535002,SP,12542
3535101,SP,12730
3535200,SP,9496
3535309,SP,22196
3535408,SP,15619
3535507,SP,45255
3535606,SP,18206
3535705,SP,6369
3535804,SP,19730
3535903,SP,4051
3536000,SP,11073
3536109,SP,6259
3536208,SP,19537
3536257,SP,2150
3536307,SP,14351
3536406,SP,7147
3536505,SP,102499
3536570,SP,1841
3536604,SP,8953
3536703,SP,45708
3536802,SP,6078
3536901,SP,2547
3537008,SP,16645
3537107,SP,46598
3537156,SP,3087
3537206,SP,11136
3537305,SP,62738
3537404,SP,25790
3537503,SP,8410
3537602,SP,66572
3537701,SP,5846
3537800,SP,55092
3537909,SP,28718
3538006,SP,164000
3538105,SP,16656
3538204,SP,14763
3538303,SP,3693
3538501,SP,13976
3538600,SP,26991
3538709,SP,397322
3538808,SP,29790
3538907,SP,24973
3539004,SP,11323
3539103,SP,18174
3539202,SP,27021
3539301,SP,75474
3539400,SP,13335
3539509,SP,38889
3539608,SP,5067
3539707,SP,3488
3539806,SP,115488
3539905,SP,5935
3540002,SP,21674
3540101,SP,3480
3540200,SP,47638
3540259,SP,4519
3540309,SP,2594
3540408,SP,4240
3540507,SP,9565
3540606,SP,52507
3540705,SP,55432
3540754,SP,23360
3540804,SP,17002
3540853,SP,3768
3540903,SP,20516
3541000,SP,310024
3541059,SP,5126
3541109,SP,4155
3541208,SP,13420
3541307,SP,43897
3541406,SP,225271
3541505,SP,39544
3541604,SP,39506
3541653,SP,3680
3541703,SP,13893
3541802,SP,3267
3541901,SP,12949
3542008,SP,6530
3542107,SP,9054
3542206,SP,29821
3542305,SP,3908
3542404,SP,19985
3542503,SP,9042
3542602,SP,56430
3542701,SP,7384
3542800,SP,3390
3542909,SP,13060
3543006,SP,17220
3543105,SP,4644
3543204,SP,4571
3543238,SP,2243
3543253,SP,7697
3543303,SP,121848
3543402,SP,682302
3543501,SP,5792
3543600,SP,3618
3543709,SP,10823
3543808,SP,10098
3543907,SP,202952
3544004,SP,33935
3544103,SP,49408
3544202,SP,12086
3544251,SP,17795
3544301,SP,10512
3544400,SP,3046
3544509,SP,3102
3544608,SP,5549
3544707,SP,2453
3544806,SP,6144
3544905,SP,11641
3545001,SP,16903
3545100,SP,5222
3545159,SP,8019
3545209,SP,116191
3545308,SP,44397
3545407,SP,9287
3545506,SP,4174
3545605,SP,15331
3545704,SP,5999
3545803,SP,191889
3546009,SP,14667
3546108,SP,2134
3546207,SP,4409
3546256,SP,2110
3546306,SP,33455
3546405,SP,47148
3546504,SP,5662
3546603,SP,31802
3546702,SP,25637
3546801,SP,56014
3546900,SP,8758
3547007,SP,6021
3547106,SP,2945
3547205,SP,1555
3547304,SP,131887
3547403,SP,2544
3547502,SP,27590
3547601,SP,26067
3547650,SP,1536
3547700,SP,21030
3547809,SP,715231
3547908,SP,6829
3548005,SP,22801
3548054,SP,8285
3548104,SP,6029
3548203,SP,6800
3548302,SP,3057
3548401,SP,4687
3548500,SP,434742
3548609,SP,10895
3548708,SP,827437
3548807,SP,159608
3548906,SP,246088
3549003,SP,2850
3549102,SP,90089
3549201,SP,2601
3549250,SP,1904
3549300,SP,2132
3549409,SP,50921
3549508,SP,8885
3549607,SP,4181
3549706,SP,54734
3549805,SP,450657
3549904,SP,703219
3549953,SP,15465
3550001,SP,10740
3550100,SP,40692
3550209,SP,32910
3550308,SP,12106920
3550407,SP,34898
3550506,SP,7624
3550605,SP,88473
3550704,SP,85538
3550803,SP,12317
3550902,SP,15225
3551009,SP,360380
3551108,SP,10034
3551207,SP,3681
3551306,SP,3411
3551405,SP,13810
3551504,SP,43790
3551603,SP,28742
3551702,SP,122643
3551801,SP,13053
3551900,SP,17115
3552007,SP,6228
3552106,SP,40220
3552205,SP,659871
3552304,SP,7733
3552403,SP,273007
3552502,SP,290769
3552551,SP,3836
3552601,SP,12251
3552700,SP,16159
3552809,SP,279634
3552908,SP,6193
3553005,SP,13111
3553104,SP,6255
3553203,SP,5603
3553302,SP,23267
3553401,SP,25723
3553500,SP,7973
3553609,SP,13062
3553658,SP,2823
3553708,SP,56951
3553807,SP,23240
3553856,SP,5715
3553906,SP,7302
3553955,SP,14547
3554003,SP,118939
3554102,SP,307953
3554201,SP,4677
3554300,SP,22914
3554409,SP,9227
3554508,SP,41022
3554607,SP,2690
3554656,SP,2395
3554706,SP,9934
3554755,SP,1691
3554805,SP,45904
3554904,SP,5767
3554953,SP,6689
3555000,SP,65758
3555109,SP,15321
3555208,SP,2016
3555307,SP,1827
3555356,SP,6080
3555406,SP,88313
3555505,SP,4734
3555604,SP,10047
3555703,SP,1793
3555802,SP,9148
3555901,SP,1207
3556008,SP,13655
3556107,SP,12800
3556206,SP,124024
3556305,SP,25632
3556354,SP,10143
3556404,SP,42310
3556453,SP,50346
3556503,SP,118917
3556602,SP,10963
3556701,SP,75129
3556800,SP,18654
3556909,SP,8335
3556958,SP,1833
3557006,SP,119898
3557105,SP,92768
3557154,SP,2636
3557204,SP,12487
3557303,SP,11067
4100103,PR,7768
4100202,PR,6254
4100301,PR,9161
4100400,PR,115364
4100459,PR,2948
4100509,PR,21988
4100608,PR,14693
4100707,PR,10222
4100806,PR,11237
4100905,PR,6084
4101002,PR,18886
4101051,PR,2901
4101101,PR,20769
4101150,PR,2974
4101200,PR,19420
4101309,PR,7587
4101408,PR,132691
4101507,PR,118477
4101606,PR,27906
4101655,PR,3343
4101705,PR,14098
4101804,PR,137452
4101853,PR,2301
4101903,PR,15999
4102000,PR,34064
4102109,PR,26196
4102208,PR,3999
4102307,PR,12602
4102406,PR,32486
4102505,PR,12300
4102604,PR,10314
4102703,PR,2828
4102752,PR,3774
4102802,PR,15656
4102901,PR,16627
4103008,PR,4392
4103024,PR,2671
4103040,PR,6665
4103057,PR,7911
4103107,PR,12477
4103156,PR,3733
4103206,PR,7019
4103222,PR,3358
4103305,PR,7280
4103354,PR,5687
4103370,PR,2943
4103404,PR,2911
4103453,PR,17175
4103479,PR,4245
4103503,PR,8583
4103602,PR,25401
4103701,PR,105347
4103800,PR,7808
4103909,PR,15042
4103958,PR,4062
4104006,PR,42547
4104055,PR,4162
4104105,PR,7829
4104204,PR,127309
4104253,PR,28244
4104303,PR,94153
4104402,PR,16059
4104428,PR,15978
4104451,PR,13505
4104501,PR,19364
4104600,PR,15850
4104659,PR,22282
4104709,PR,14431
4104808,PR,319608
4104907,PR,71501
4105003,PR,10451
4105102,PR,11246
4105201,PR,17885
4105300,PR,11764
4105409,PR,19911
4105508,PR,79571
4105607,PR,12326
4105706,PR,17250
4105805,PR,237402
4105904,PR,23941
4106001,PR,8821
4106100,PR,3866
4106209,PR,17961
4106308,PR,17193
4106407,PR,48677
4106456,PR,7547
4106506,PR,21666
4106555,PR,3617
4106571,PR,4369
4106605,PR,21237
4106704,PR,4619
4106803,PR,18907
4106852,PR,3110
4106902,PR,1908359
4107009,PR,15004
4107108,PR,5389
4107124,PR,3555
4107157,PR,5294
4107207,PR,39856
4107256,PR,8439
4107306,PR,6069
4107405,PR,6168
4107504,PR,14314
4107520,PR,1852
4107538,PR,4406
4107546,PR,4447
4107553,PR,3323
4107603,PR,17306
4107652,PR,95225
4107702,PR,4898
4107736,PR,5904
4107751,PR,8177
4107801,PR,5103
4107850,PR,4782
4107900,PR,6603
4108007,PR,11087
4108106,PR,2697
4108205,PR,7133
4108304,PR,264044
4108320,PR,6350
4108403,PR,88465
4108452,PR,5079
4108502,PR,14038
4108551,PR,3178
4108601,PR,29664
4108650,PR,7448
4108700,PR,6167
4108809,PR,32974
4108908,PR,6591
4108957,PR,8619
4109005,PR,3934
4109104,PR,2292
4109203,PR,5492
4109302,PR,13641
4109401,PR,180364
4109500,PR,7923
4109609,PR,35986
4109658,PR,5643
4109708,PR,31095
4109757,PR,6396
4109807,PR,53356
4109906,PR,8482
4110003,PR,4343
4110052,PR,2304
4110078,PR,12697
4110102,PR,31719
4110201,PR,11331
4110300,PR,3137
4110409,PR,4504
4110508,PR,15139
4110607,PR,14704
4110656,PR,2462
4110706,PR,60425
4110805,PR,10608
4110904,PR,4620
4110953,PR,10587
4111001,PR,6819
4111100,PR,6210
4111209,PR,11685
4111258,PR,27500
4111308,PR,3229
4111407,PR,13797
4111506,PR,32720
4111555,PR,8120
4111605,PR,3240
4111704,PR,5255
4111803,PR,40263
4111902,PR,13398
4112009,PR,34822
4112108,PR,21341
4112207,PR,5897
4112306,PR,5084
4112405,PR,9307
4112504,PR,12019
4112603,PR,1396
4112702,PR,12615
4112751,PR,8861
4112801,PR,11731
4112900,PR,3430
4112959,PR,7650
4113007,PR,7026
4113106,PR,4368
4113205,PR,48067
4113254,PR,6205
4113304,PR,32379
4113403,PR,4131
4113429,PR,3662
4113452,PR,5071
4113502,PR,22903
4113601,PR,4751
4113700,PR,558439
4113734,PR,7455
4113759,PR,5063
4113809,PR,4911
4113908,PR,13738
4114005,PR,13798
4114104,PR,22164
4114203,PR,34559
4114302,PR,25662
4114351,PR,2861
4114401,PR,17269
4114500,PR,13708
4114609,PR,51795
4114708,PR,5932
4114807,PR,34955
4114906,PR,9068
4115002,PR,7166
4115101,PR,10555
4115200,PR,406693
4115309,PR,6638
4115358,PR,5776
4115408,PR,14539
4115457,PR,4725
4115507,PR,4765
4115606,PR,17640
4115705,PR,33450
4115739,PR,3576
4115754,PR,10039
4115804,PR,45586
4115853,PR,5476
4115903,PR,2314
4116000,PR,1875
4116059,PR,10879
4116109,PR,12621
4116208,PR,16540
4116307,PR,3958
4116406,PR,4075
4116505,PR,1536
4116604,PR,3545
4116703,PR,11300
4116802,PR,6295
4116901,PR,28084
4116950,PR,5194
4117008,PR,8356
4117057,PR,11927
4117107,PR,13486
4117206,PR,5829
4117214,PR,4217
4117222,PR,8186
4117255,PR,10745
4117271,PR,6498
4117297,PR,2908
4117305,PR,23200
4117404,PR,3494
4117453,PR,6023
4117503,PR,40156
4117602,PR,48990
4117701,PR,34023
4117800,PR,14189
4117909,PR,31366
4118006,PR,13345
4118105,PR,11265
4118204,PR,152975
4118303,PR,3117
4118402,PR,87850
4118451,PR,5432
4118501,PR,80710
4118600,PR,5842
4118709,PR,7360
4118808,PR,14198
4118857,PR,6105
4118907,PR,11101
4119004,PR,6674
4119103,PR,12455
4119152,PR,129445
4119202,PR,6440
4119251,PR,2757
4119301,PR,32322
4119400,PR,25277
4119509,PR,107751
4119608,PR,32015
4119657,PR,3140
4119707,PR,4303
4119806,PR,13889
4119905,PR,344332
4119954,PR,25393
4120002,PR,13754
4120101,PR,4835
4120150,PR,3491
4120200,PR,2611
4120309,PR,4148
4120333,PR,3718
4120358,PR,5477
4120408,PR,5227
4120507,PR,11286
4120606,PR,52125
4120655,PR,4764
4120705,PR,7472
4120804,PR,22651
4120853,PR,4031
4120903,PR,33543
4121000,PR,12320
4121109,PR,4897
4121208,PR,18733
4121257,PR,4435
4121307,PR,3963
4121356,PR,2800
4121406,PR,17111
4121505,PR,14981
4121604,PR,6979
4121703,PR,26763
4121752,PR,7927
4121802,PR,10941
4121901,PR,13557
4122008,PR,15125
4122107,PR,3337
4122156,PR,13552
4122172,PR,4119
4122206,PR,32504
4122305,PR,33857
4122404,PR,64726
4122503,PR,10779
4122602,PR,9581
4122651,PR,5231
4122701,PR,6702
4122800,PR,4003
4122909,PR,5158
4123006,PR,14713
4123105,PR,3603
4123204,PR,3544
4123303,PR,8113
4123402,PR,11691
4123501,PR,25911
4123600,PR,1727
4123709,PR,8858
4123808,PR,14411
4123824,PR,3955
4123857,PR,10716
4123907,PR,12307
4123956,PR,3915
4124004,PR,5222
4124020,PR,10471
4124053,PR,22992
4124103,PR,45819
4124202,PR,2741
4124301,PR,2281
4124400,PR,20158
4124509,PR,5506
4124608,PR,6839
4124707,PR,11519
4124806,PR,10644
4124905,PR,6025
4125001,PR,11005
4125100,PR,14927
4125209,PR,9291
4125308,PR,5676
4125357,PR,5946
4125407,PR,6485
4125456,PR,3816
4125506,PR,307530
4125555,PR,2189
4125605,PR,45398
4125704,PR,27461
4125753,PR,6286
4125803,PR,10928
4125902,PR,2443
4126009,PR,8985
4126108,PR,5715
4126207,PR,6905
4126256,PR,94181
4126272,PR,5448
4126306,PR,19443
4126355,PR,4637
4126405,PR,5633
4126504,PR,16485
4126603,PR,20508
4126652,PR,3222
4126678,PR,14143
4126702,PR,5064
4126801,PR,15962
4126900,PR,5798
4127007,PR,11834
4127106,PR,77276
4127205,PR,16991
4127304,PR,16578
4127403,PR,17627
4127502,PR,20562
4127601,PR,16348
4127700,PR,135538
4127809,PR,8470
4127858,PR,12256
4127882,PR,7971
4127908,PR,8833
4127957,PR,8277
4127965,PR,13640
4128005,PR,21762
4128104,PR,109955
4128203,PR,57027
4128302,PR,2614
4128401,PR,11662
4128500,PR,19856
4128534,PR,11407
4128559,PR,8918
4128609,PR,7692
4128625,PR,2998
4128633,PR,5781
4128658,PR,4095
4128708,PR,6878
4128807,PR,5957
4200051,SC,2604
4200101,SC,17847
4200200,SC,10581
4200309,SC,5437
4200408,SC,7154
4200507,SC,6445
4200556,SC,2387
4200606,SC,6298
4200705,SC,9960
4200754,SC,1967
4200804,SC,5832
4200903,SC,4943
4201000,SC,7537
4201109,SC,3248
4201208,SC,8327
4201257,SC,10542
4201273,SC,4281
4201307,SC,35268
4201406,SC,67110
4201505,SC,8520
4201604,SC,3564
4201653,SC,2261
4201703,SC,7877
4201802,SC,3254
4201901,SC,5688
4201950,SC,12344
4202008,SC,135268
4202057,SC,10317
4202073,SC,10413
4202081,SC,2751
4202099,SC,1739
4202107,SC,27781
4202131,SC,6304
4202156,SC,2709
4202206,SC,11425
4202305,SC,66558
4202404,SC,348513
4202438,SC,3456
4202453,SC,18623
4202503,SC,4694
4202537,SC,2919
4202578,SC,2151
4202602,SC,9796
4202701,SC,5100
4202800,SC,32648
4202859,SC,3709
4202875,SC,2539
4202909,SC,128818
4203006,SC,77323
4203105,SC,6213
4203154,SC,3380
4203204,SC,78731
4203253,SC,2597
4203303,SC,12012
4203402,SC,7177
4203501,SC,8787
4203600,SC,35710
4203709,SC,11944
4203808,SC,54403
4203907,SC,22524
4203956,SC,24298
4204004,SC,10632
4204103,SC,3850
4204152,SC,2760
4204178,SC,3254
4204194,SC,2953
4204202,SC,213279
4204251,SC,16446
4204301,SC,73766
4204350,SC,4321
4204400,SC,10130
4204459,SC,2548
4204509,SC,15541
4204558,SC,13358
4204608,SC,211369
4204707,SC,11057
4204756,SC,1955
4204806,SC,39566
4204905,SC,8399
4205001,SC,15450
4205100,SC,4081
4205159,SC,4043
4205175,SC,3183
4205191,SC,2076
4205209,SC,4480
4205308,SC,10745
4205357,SC,1594
4205407,SC,485838
4205431,SC,2549
4205456,SC,25988
4205506,SC,36261
4205555,SC,2146
4205605,SC,3058
4205704,SC,22082
4205803,SC,17479
4205902,SC,67392
4206009,SC,14229
4206108,SC,6537
4206207,SC,11394
4206306,SC,22732
4206405,SC,10259
4206504,SC,42872
4206603,SC,5139
4206652,SC,4733
4206702,SC,22443
4206751,SC,1967
4206801,SC,3268
4206900,SC,18721
4207007,SC,54845
4207106,SC,13857
4207205,SC,10571
4207304,SC,44076
4207403,SC,6133
4207502,SC,66497
4207577,SC,2917
4207601,SC,4562
4207650,SC,8930
4207684,SC,7400
4207700,SC,7561
4207759,SC,4067
4207809,SC,10285
4207858,SC,1984
4207908,SC,11133
4208005,SC,6275
4208104,SC,21506
4208203,SC,212615
4208302,SC,61187
4208401,SC,16683
4208450,SC,19355
4208500,SC,24622
4208609,SC,3990
4208708,SC,10539
4208807,SC,19527
4208906,SC,170835
4208955,SC,1625
4209003,SC,29608
4209102,SC,577077
4209151,SC,4887
4209177,SC,2127
4209201,SC,2251
4209300,SC,158508
4209409,SC,45311
4209458,SC,1453
4209508,SC,6790
4209607,SC,15149
4209706,SC,12133
4209805,SC,3140
4209854,SC,4615
4209904,SC,11774
4210001,SC,12413
4210035,SC,5705
4210050,SC,1799
4210100,SC,55907
4210209,SC,3429
4210308,SC,8015
4210407,SC,7139
4210506,SC,25076
4210555,SC,1906
4210605,SC,16455
4210704,SC,2614
4210803,SC,7047
4210852,SC,2374
4210902,SC,4192
4211009,SC,11496
4211058,SC,9785
4211108,SC,8471
4211207,SC,17532
4211256,SC,2915
4211306,SC,77137
4211405,SC,4879
4211454,SC,4339
4211504,SC,14099
4211603,SC,14837
4211652,SC,2532
4211702,SC,22723
4211751,SC,18313
4211801,SC,7363
4211850,SC,2245
4211876,SC,1577
4211892,SC,2376
4211900,SC,164926
4212007,SC,7558
4212056,SC,2586
4212106,SC,16253
4212205,SC,19015
4212239,SC,3613
4212254,SC,8370
4212270,SC,4243
4212304,SC,7360
4212403,SC,4026
4212502,SC,31025
4212601,SC,2855
4212650,SC,9980
4212700,SC,6021
4212809,SC,21884
4212908,SC,19511
4213005,SC,3480
4213104,SC,4102
4213153,SC,2844
4213203,SC,32334
4213302,SC,4767
4213351,SC,3413
4213401,SC,11545
4213500,SC,20294
4213609,SC,35207
4213708,SC,16957
4213807,SC,7364
4213906,SC,1610
4214003,SC,16996
4214102,SC,2304
4214151,SC,2906
4214201,SC,10044
4214300,SC,2871
4214409,SC,6246
4214508,SC,6043
4214607,SC,7463
4214706,SC,11431
4214805,SC,69188
4214904,SC,4606
4215000,SC,42029
4215059,SC,2489
4215075,SC,4670
4215109,SC,11488
4215208,SC,5022
4215307,SC,7634
4215356,SC,3847
4215406,SC,4655
4215455,SC,12233
4215505,SC,16701
4215554,SC,2266
4215604,SC,2139
4215653,SC,8356
4215679,SC,8846
4215687,SC,2557
4215695,SC,1317
4215703,SC,22609
4215752,SC,2449
4215802,SC,82842
4215901,SC,2899
4216008,SC,11132
4216057,SC,5464
4216107,SC,9502
4216206,SC,50701
4216255,SC,6309
4216305,SC,35065
4216354,SC,3690
4216404,SC,7268
4216503,SC,26646
4216602,SC,239718
4216701,SC,13897
4216800,SC,8588
4216909,SC,23698
4217006,SC,12934
4217105,SC,3210
4217154,SC,1848
4217204,SC,39793
4217253,SC,5602
4217303,SC,9664
4217402,SC,20095
4217501,SC,17526
4217550,SC,3301
4217600,SC,13870
4217709,SC,29710
4217758,SC,2551
4217808,SC,18261
4217907,SC,8738
4217956,SC,1695
4218004,SC,36931
4218103,SC,5377
4218202,SC,42801
4218251,SC,7767
4218301,SC,19146
4218350,SC,3863
4218400,SC,7098
4218509,SC,7545
4218608,SC,7211
4218707,SC,104457
4218756,SC,4597
4218806,SC,12746
4218855,SC,2600
4218905,SC,11191
4218954,SC,2487
4219002,SC,21177
4219101,SC,3590
4219150,SC,2543
4219176,SC,4597
4219200,SC,6356
4219309,SC,52066
4219358,SC,5056
4219408,SC,3912
4219507,SC,49738
4219606,SC,4012
4219705,SC,28210
4219853,SC,3300
4220000,SC,12403
4300034,RS,4759
4300059,RS,3841
4300109,RS,17085
4300208,RS,7358
4300307,RS,6736
4300406,RS,78003
4300455,RS,4037
4300471,RS,2079
4300505,RS,7433
4300554,RS,1803
4300570,RS,3040
4300604,RS,208177
4300638,RS,6854
4300646,RS,7576
4300661,RS,1306
4300703,RS,6210
4300802,RS,13306
4300851,RS,3748
4300877,RS,5395
4300901,RS,6601
4301008,RS,20272
4301057,RS,9050
4301073,RS,2906
4301107,RS,14255
4301206,RS,13388
4301305,RS,18922
4301404,RS,10614
4301503,RS,7091
4301552,RS,3718
4301602,RS,122209
4301636,RS,12671
4301651,RS,6109
4301701,RS,6763
4301750,RS,7440
4301800,RS,5474
4301859,RS,3253
4301875,RS,4223
4301909,RS,13365
4301925,RS,1915
4301958,RS,2516
4302006,RS,11486
4302055,RS,2227
4302105,RS,115069
4302154,RS,2167
4302204,RS,6829
4302220,RS,2526
4302238,RS,2579
4302253,RS,2859
4302303,RS,11773
4302352,RS,13189
4302378,RS,2216
4302402,RS,12204
4302451,RS,7914
4302501,RS,6801
4302584,RS,2228
4302600,RS,3647
4302659,RS,4996
4302709,RS,21247
4302808,RS,34634
4302907,RS,13552
4303004,RS,85495
4303103,RS,127318
4303202,RS,5100
4303301,RS,5042
4303400,RS,5064
4303509,RS,66215
4303558,RS,2733
4303608,RS,6680
4303673,RS,3407
4303707,RS,5994
4303806,RS,5641
4303905,RS,64914
4304002,RS,5161
4304101,RS,3514
4304200,RS,31603
4304309,RS,6567
4304358,RS,9406
4304408,RS,43062
4304507,RS,56103
4304606,RS,343853
4304614,RS,1817
4304622,RS,1758
4304630,RS,48401
4304655,RS,3449
4304663,RS,25495
4304671,RS,4362
4304689,RS,11455
4304697,RS,2769
4304705,RS,62339
4304713,RS,7971
4304804,RS,28091
4304853,RS,1547
4304903,RS,9079
4304952,RS,3185
4305009,RS,9335
4305108,RS,483377
4305116,RS,3016
4305124,RS,6443
4305132,RS,4694
4305157,RS,2437
4305173,RS,11486
4305207,RS,14069
4305306,RS,9597
4305355,RS,38899
4305371,RS,3482
4305405,RS,4026
4305439,RS,6456
4305447,RS,5319
4305454,RS,14710
4305504,RS,4983
4305587,RS,2499
4305603,RS,3478
4305702,RS,6836
4305801,RS,10109
4305835,RS,1559
4305850,RS,2458
4305871,RS,2559
4305900,RS,7776
4305934,RS,1728
4305959,RS,4000
4305975,RS,2876
4306007,RS,14195
4306056,RS,7831
4306072,RS,2918
4306106,RS,63463
4306130,RS,2059
4306205,RS,12258
4306304,RS,4844
4306320,RS,3102
4306353,RS,2744
4306379,RS,3130
4306403,RS,30753
4306429,RS,2158
4306452,RS,3430
4306502,RS,15279
4306551,RS,2617
4306601,RS,39822
4306700,RS,3331
4306734,RS,5110
4306759,RS,2071
4306767,RS,38581
4306809,RS,22128
4306908,RS,25872
4306924,RS,1340
4306932,RS,8981
4306957,RS,3035
4306973,RS,3066
4307005,RS,103437
4307054,RS,3215
4307104,RS,6980
4307203,RS,5170
4307302,RS,7660
4307401,RS,3313
4307450,RS,3204
4307500,RS,15843
4307559,RS,6161
4307609,RS,47287
4307708,RS,84237
4307807,RS,33140
4307815,RS,3745
4307831,RS,2699
4307864,RS,2724
4307906,RS,69542
4308003,RS,6867
4308052,RS,2523
4308078,RS,4194
4308102,RS,13273
4308201,RS,29603
4308250,RS,1958
4308300,RS,10836
4308409,RS,7053
4308433,RS,2519
4308458,RS,4588
4308508,RS,30832
4308607,RS,33624
4308656,RS,3182
4308706,RS,5878
4308805,RS,8663
4308854,RS,1705
4308904,RS,16648
4309001,RS,17069
4309050,RS,7654
4309100,RS,35047
4309126,RS,2247
4309159,RS,4251
4309209,RS,275146
4309258,RS,1600
4309308,RS,99334
4309407,RS,24836
4309506,RS,8080
4309555,RS,4664
4309571,RS,3070
4309605,RS,19338
4309654,RS,6561
4309704,RS,4988
4309753,RS,4519
4309803,RS,4846
4309902,RS,7458
4309951,RS,4155
4310009,RS,20355
4310108,RS,34903
4310207,RS,83330
4310306,RS,4202
4310330,RS,20578
4310363,RS,3157
4310405,RS,6598
4310413,RS,2312
4310439,RS,6482
4310462,RS,1975
4310504,RS,7921
4310538,RS,5384
4310553,RS,3552
4310579,RS,2295
4310603,RS,39012
4310652,RS,2583
4310702,RS,3896
4310751,RS,2104
4310801,RS,22514
4310850,RS,4082
4310876,RS,2666
4310900,RS,3704
4311007,RS,28156
4311106,RS,11514
4311122,RS,4083
4311130,RS,3645
4311155,RS,8679
4311205,RS,20012
4311239,RS,2852
4311254,RS,6516
4311270,RS,1650
4311304,RS,28454
4311403,RS,79819
4311429,RS,2596
4311502,RS,7807
4311601,RS,5686
4311627,RS,5765
4311643,RS,1712
4311700,RS,5640
4311718,RS,4804
4311734,RS,3079
4311759,RS,7383
4311775,RS,7016
4311791,RS,2677
4311809,RS,41059
4311908,RS,4941
4311981,RS,3932
4312005,RS,2190
4312054,RS,4159
4312104,RS,5124
4312138,RS,2574
4312153,RS,4276
4312179,RS,1780
4312203,RS,4804
4312252,RS,8059
4312302,RS,4975
4312351,RS,1545
4312377,RS,3249
4312385,RS,2689
4312401,RS,63868
4312427,RS,2986
4312443,RS,3166
4312450,RS,6566
4312476,RS,6183
4312500,RS,12794
4312609,RS,5006
4312617,RS,3156
4312625,RS,1903
4312658,RS,17185
4312674,RS,1752
4312708,RS,12247
4312757,RS,3481
4312807,RS,4471
4312906,RS,9599
4312955,RS,1932
4313003,RS,3344
4313011,RS,2807
4313037,RS,5125
4313060,RS,20405
4313086,RS,2568
4313102,RS,6605
4313201,RS,20675
4313300,RS,25559
4313334,RS,2417
4313359,RS,3603
4313375,RS,26450
4313391,RS,4125
4313409,RS,249508
4313425,RS,3757
4313441,RS,2312
4313466,RS,1790
4313490,RS,4181
4313508,RS,44468
4313607,RS,4172
4313656,RS,11449
4313706,RS,34844
4313805,RS,7184
4313904,RS,41781
4313953,RS,9845
4314001,RS,7404
4314027,RS,7677
4314035,RS,3760
4314050,RS,56277
4314068,RS,5554
4314076,RS,6430
4314100,RS,198799
4314134,RS,2308
4314159,RS,8485
4314175,RS,2168
4314209,RS,7999
4314308,RS,4043
4314407,RS,344385
4314423,RS,5595
4314456,RS,2616
4314464,RS,2104
4314472,RS,4544
4314498,RS,4803
4314506,RS,12913
4314548,RS,2868
4314555,RS,2625
4314605,RS,20799
4314704,RS,10623
4314753,RS,2112
4314779,RS,3990
4314787,RS,1706
4314803,RS,34692
4314902,RS,1484941
4315008,RS,5227
4315057,RS,2536
4315073,RS,1676
4315107,RS,10718
4315131,RS,1819
4315149,RS,2752
4315156,RS,6379
4315172,RS,2034
4315206,RS,4159
4315305,RS,23532
4315313,RS,1856
4315321,RS,2824
4315354,RS,3826
4315404,RS,11187
4315453,RS,2187
4315503,RS,16315
4315552,RS,3317
4315602,RS,209378
4315701,RS,39000
4315750,RS,4607
4315800,RS,11101
4315909,RS,5967
4315958,RS,2515
4316006,RS,20920
4316105,RS,10695
4316204,RS,5497
4316303,RS,7245
4316402,RS,40727
4316428,RS,2676
4316436,RS,2849
4316451,RS,12490
4316477,RS,2776
4316501,RS,7434
4316600,RS,16237
4316709,RS,8694
4316733,RS,1695
4316758,RS,6285
4316808,RS,127429
4316907,RS,278445
4316956,RS,6358
4316972,RS,2519
4317004,RS,8414
4317103,RS,82312
4317202,RS,72753
4317251,RS,1780
4317301,RS,31274
4317400,RS,50658
4317509,RS,79101
4317558,RS,2196
4317608,RS,42333
4317707,RS,11051
4317756,RS,2059
4317806,RS,14334
4317905,RS,14738
4317954,RS,2468
4318002,RS,62808
4318051,RS,3080
4318101,RS,19382
4318200,RS,21679
4318309,RS,62957
4318408,RS,23763
4318424,RS,4831
4318432,RS,2646
4318440,RS,2842
4318457,RS,2714
4318465,RS,2158
4318481,RS,4543
4318499,RS,2205
4318507,RS,27206
4318606,RS,7117
4318614,RS,2298
4318622,RS,3496
4318705,RS,230914
4318804,RS,44580
4318903,RS,35057
4319000,RS,21364
4319109,RS,5779
4319125,RS,3309
4319158,RS,7754
4319208,RS,5677
4319307,RS,6280
4319356,RS,3639
4319364,RS,1998
4319372,RS,2991
4319406,RS,16763
4319505,RS,24967
4319604,RS,24403
4319703,RS,3581
4319711,RS,2265
4319737,RS,2760
4319752,RS,2154
4319802,RS,8817
4319901,RS,80311
4320008,RS,139476
4320107,RS,23398
4320206,RS,11144
4320230,RS,3050
4320263,RS,7428
4320305,RS,5152
4320321,RS,2880
4320354,RS,5528
4320404,RS,16184
4320453,RS,2198
4320503,RS,6065
4320552,RS,6317
4320578,RS,2114
4320602,RS,3868
4320651,RS,2481
4320677,RS,10408
4320701,RS,15018
4320800,RS,31361
4320859,RS,4526
4320909,RS,22077
4321006,RS,10814
4321105,RS,17425
4321204,RS,57544
4321303,RS,27207
4321329,RS,3101
4321352,RS,5567
4321402,RS,14008
4321436,RS,10783
4321451,RS,30846
4321469,RS,2946
4321477,RS,6294
4321493,RS,2970
4321501,RS,37564
4321600,RS,47521
4321626,RS,2391
4321634,RS,2851
4321667,RS,10904
4321709,RS,26589
4321808,RS,24497
4321832,RS,2898
4321857,RS,4457
4321907,RS,24632
4321956,RS,5961
4322004,RS,28289
4322103,RS,5965
4322152,RS,4604
4322186,RS,1573
4322202,RS,23705
4322251,RS,4472
4322301,RS,8494
4322327,RS,3585
4322343,RS,2232
4322350,RS,1374
4322376,RS,2467
4322400,RS,129784
4322509,RS,65397
4322525,RS,3461
4322533,RS,11727
4322541,RS,5638
4322558,RS,2101
4322608,RS,70481
4322707,RS,26024
4322806,RS,25073
4322855,RS,1956
4322905,RS,5205
4323002,RS,253717
4323101,RS,5152
4323200,RS,3051
4323309,RS,3382
4323358,RS,2185
4323408,RS,4407
4323457,RS,4370
4323507,RS,2877
4323606,RS,1611
4323705,RS,2882
4323754,RS,3422
4323770,RS,2977
4323804,RS,14650
5000203,MS,14992
5000252,MS,5188
5000609,MS,38465
5000708,MS,24954
5000807,MS,8927
5000856,MS,10458
5000906,MS,8808
5001003,MS,25072
5001102,MS,47482
5001243,MS,11771
5001508,MS,6795
5001904,MS,22389
5002001,MS,11248
5002100,MS,24331
5002159,MS,7820
5002209,MS,21483
5002308,MS,11864
5002407,MS,29292
5002605,MS,13694
5002704,MS,874210
5002803,MS,5972
5002902,MS,21748
5002951,MS,23940
5003108,MS,5730
5003157,MS,15016
5003207,MS,109899
5003256,MS,20159
5003306,MS,33323
5003454,MS,12773
5003488,MS,11132
5003504,MS,5827
5003702,MS,218069
5003751,MS,12224
5003801,MS,19181
5003900,MS,3027
5004007,MS,9960
5004106,MS,9991
5004304,MS,15838
5004403,MS,7618
5004502,MS,23539
5004601,MS,20637
5004700,MS,23021
5004809,MS,8836
5004908,MS,7019
5005004,MS,25758
5005103,MS,4025
5005152,MS,6553
5005202,MS,22590
5005251,MS,7177
5005400,MS,44994
5005608,MS,27525
5005681,MS,18103
5005707,MS,53188
5005806,MS,14092
5006002,MS,20772
5006200,MS,52625
5006259,MS,4041
5006275,MS,5350
5006309,MS,41755
5006358,MS,13852
5006408,MS,7683
5006606,MS,89592
5006903,MS,16879
5007109,MS,23881
5007208,MS,36144
5007307,MS,4834
5007406,MS,19569
5007505,MS,5346
5007554,MS,7732
5007695,MS,25898
5007703,MS,10790
5007802,MS,6482
5007901,MS,54575
5007935,MS,18393
5007950,MS,11284
5007976,MS,3570
5008008,MS,20855
5008305,MS,117477
5008404,MS,6041
5100102,MT,5269
5100201,MT,24501
5100250,MT,50189
5100300,MT,18164
5100359,MT,6466
5100409,MT,11532
5100508,MT,10921
5100607,MT,10246
5100805,MT,9694
5101001,MT,3036
5101209,MT,931
5101258,MT,16223
5101308,MT,9455
5101407,MT,21357
5101605,MT,7872
5101704,MT,33644
5101803,MT,58974
5101852,MT,6266
5101902,MT,18688
5102504,MT,91271
5102603,MT,15386
5102637,MT,33551
5102678,MT,39933
5102686,MT,6512
5102694,MT,4630
5102702,MT,20707
5102793,MT,10136
5102850,MT,8454
5103007,MT,19049
5103056,MT,11716
5103106,MT,5535
5103205,MT,32298
5103254,MT,36161
5103304,MT,19932
5103353,MT,29471
5103361,MT,3860
5103379,MT,18689
5103403,MT,590118
5103437,MT,5049
5103452,MT,9115
5103502,MT,21294
5103601,MT,7977
5103700,MT,13451
5103809,MT,3444
5103858,MT,7296
5103908,MT,5333
5103957,MT,2964
5104104,MT,34500
5104203,MT,14615
5104500,MT,2648
5104526,MT,7171
5104542,MT,6396
5104559,MT,3800
5104609,MT,12789
5104807,MT,26633
5104906,MT,7996
5105002,MT,8776
5105101,MT,33851
5105150,MT,39779
5105176,MT,14913
5105200,MT,10971
5105234,MT,5887
5105259,MT,61515
5105309,MT,2043
5105507,MT,15534
5105580,MT,10422
5105606,MT,15870
5105622,MT,26768
5105903,MT,14917
5106000,MT,5895
5106109,MT,12484
5106158,MT,14473
5106174,MT,3655
5106182,MT,6338
5106190,MT,3596
5106208,MT,3827
5106216,MT,12388
5106224,MT,42607
5106232,MT,19465
5106240,MT,11352
5106257,MT,20639
5106265,MT,8730
5106273,MT,3876
5106281,MT,5066
5106299,MT,10884
5106307,MT,21612
5106315,MT,2498
5106372,MT,16965
5106422,MT,33630
5106455,MT,2604
5106505,MT,32241
5106653,MT,6387
5106703,MT,1560
5106752,MT,43832
5106778,MT,11995
5106802,MT,5283
5106828,MT,11603
5106851,MT,2973
5107008,MT,15985
5107040,MT,59293
5107065,MT,16512
5107107,MT,18452
5107156,MT,2646
5107180,MT,9796
5107198,MT,2320
5107206,MT,5019
5107248,MT,4360
5107263,MT,3050
5107297,MT,3908
5107305,MT,19728
5107354,MT,5416
5107404,MT,4541
5107578,MT,3854
5107602,MT,222316
5107701,MT,16908
5107743,MT,2421
5107750,MT,3347
5107768,MT,3231
5107776,MT,8049
5107792,MT,4875
5107800,MT,18392
5107859,MT,11290
5107875,MT,24305
5107883,MT,1575
5107909,MT,135874
5107925,MT,85223
5107941,MT,9309
5107958,MT,98828
5108006,MT,12967
5108055,MT,9606
5108105,MT,3682
5108204,MT,3576
5108303,MT,3468
5108352,MT,3041
5108402,MT,274013
5108501,MT,10901
5108600,MT,24835
5108808,MT,4457
5108857,MT,3159
5108907,MT,8182
5108956,MT,8822
5200050,GO,8207
5200100,GO,18775
5200134,GO,22076
5200159,GO,2564
5200175,GO,5613
5200209,GO,1967
5200258,GO,195810
5200308,GO,26770
5200506,GO,2071
5200555,GO,5784
5200605,GO,7514
5200803,GO,8645
5200829,GO,3754
5200852,GO,6018
5200902,GO,3408
5201108,GO,375142
5201207,GO,1126
5201306,GO,21746
5201405,GO,542090
5201454,GO,2517
5201504,GO,4143
5201603,GO,3731
5201702,GO,19884
5201801,GO,9765
5202155,GO,7862
5202353,GO,2957
5202502,GO,9138
5202601,GO,3422
5202809,GO,2494
5203104,GO,4677
5203203,GO,10435
5203302,GO,28514
5203401,GO,8896
5203500,GO,23998
5203559,GO,9052
5203575,GO,4143
5203609,GO,3604
5203807,GO,5817
5203906,GO,9535
5203939,GO,2583
5203962,GO,3389
5204003,GO,7935
5204102,GO,12002
5204201,GO,1414
5204250,GO,8355
5204300,GO,15287
5204409,GO,18505
5204508,GO,84900
5204557,GO,3703
5204607,GO,3622
5204656,GO,3740
5204706,GO,12321
5204805,GO,7149
5204854,GO,7345
5204904,GO,19786
5204953,GO,3399
5205000,GO,9862
5205059,GO,3610
5205109,GO,102393
5205208,GO,5041
5205307,GO,9829
5205406,GO,22155
5205455,GO,8386
5205471,GO,9110
5205497,GO,66777
5205513,GO,19583
5205521,GO,3529
5205703,GO,2514
5205802,GO,11086
5205901,GO,9332
5206206,GO,55347
5206305,GO,3029
5206404,GO,16893
5206503,GO,3606
5206602,GO,2975
5206701,GO,3389
5206800,GO,2935
5206909,GO,2133
5207105,GO,2547
5207253,GO,7750
5207352,GO,3809
5207402,GO,12231
5207501,GO,3379
5207535,GO,6947
5207600,GO,6070
5207808,GO,12923
5207907,GO,15111
5208004,GO,115789
5208103,GO,4623
5208152,GO,3777
5208301,GO,4995
5208400,GO,11471
5208509,GO,5605
5208608,GO,67507
5208707,GO,1466105
5208806,GO,41169
5208905,GO,24103
5209101,GO,34312
5209150,GO,5656
5209200,GO,14482
5209291,GO,2206
5209408,GO,4145
5209457,GO,2052
5209606,GO,3757
5209705,GO,20472
5209804,GO,3852
5209903,GO,13675
5209937,GO,6148
5209952,GO,15213
5210000,GO,52311
5210109,GO,26747
5210158,GO,2948
5210208,GO,32242
5210307,GO,2910
5210406,GO,40872
5210562,GO,4730
5210604,GO,5456
5210802,GO,4876
5210901,GO,21691
5211008,GO,6312
5211206,GO,26586
5211305,GO,6998
5211404,GO,9019
5211503,GO,102513
5211602,GO,2554
5211701,GO,6254
5211800,GO,48216
5211909,GO,98128
5212006,GO,3004
5212055,GO,2476
5212105,GO,7468
5212204,GO,19239
5212253,GO,1490
5212303,GO,7773
5212501,GO,199615
5212600,GO,2432
5212709,GO,8271
5212808,GO,10228
5212907,GO,2226
5212956,GO,4490
5213004,GO,13379
5213053,GO,2702
5213087,GO,30696
5213103,GO,62750
5213400,GO,1666
5213509,GO,8464
5213707,GO,8236
5213756,GO,12566
5213772,GO,4447
5213806,GO,45382
5213855,GO,2351
5213905,GO,4700
5214002,GO,15125
5214051,GO,5661
5214101,GO,3906
5214408,GO,8850
5214507,GO,28271
5214606,GO,45913
5214705,GO,2373
5214804,GO,2206
5214838,GO,12810
5214861,GO,8521
5214879,GO,2961
5214903,GO,3437
5215009,GO,9389
5215207,GO,3242
5215231,GO,110096
5215256,GO,4387
5215306,GO,15472
5215405,GO,3971
5215504,GO,6340
5215603,GO,32148
5215652,GO,3514
5215702,GO,27304
5215801,GO,2424
5215900,GO,3667
5216007,GO,2712
5216304,GO,9919
5216403,GO,11221
5216452,GO,3135
5216809,GO,10548
5216908,GO,2529
5217104,GO,24885
5217203,GO,11022
5217302,GO,24761
5217401,GO,31151
5217609,GO,88863
5217708,GO,17991
5218003,GO,45305
5218052,GO,3758
5218102,GO,4044
5218300,GO,35574
5218391,GO,3360
5218508,GO,48508
5218607,GO,11036
5218706,GO,4828
5218789,GO,4112
5218805,GO,217048
5218904,GO,19994
5219001,GO,7798
5219100,GO,6393
5219209,GO,3048
5219258,GO,5309
5219308,GO,38743
5219357,GO,3857
5219407,GO,8218
5219456,GO,3359
5219506,GO,2626
5219605,GO,3710
5219704,GO,9622
5219712,GO,4780
5219738,GO,5787
5219753,GO,71887
5219803,GO,12585
5219902,GO,6366
5220009,GO,12643
5220058,GO,1547
5220108,GO,33118
5220157,GO,5071
5220207,GO,22684
5220264,GO,4037
5220280,GO,2070
5220405,GO,19697
5220454,GO,105459
5220504,GO,8323
5220603,GO,20478
5220686,GO,6891
5220702,GO,2998
5221007,GO,3625
5221080,GO,3363
5221197,GO,7634
5221304,GO,2900
5221403,GO,121266
5221452,GO,3571
5221502,GO,4818
5221551,GO,5050
5221577,GO,2961
5221601,GO,40082
5221700,GO,14195
5221809,GO,3154
5221858,GO,159500
5221908,GO,3856
5222005,GO,13675
5222054,GO,8397
5222203,GO,5731
5222302,GO,5690
5300108,DF,3039444
